"Block,""Instancia"",""Rep"",""Algorithm"",""Y"""
"1,118,1,""Alg1"",6533968.33139362"
"1,118,1,""Alg2"",9572610.70735404"
"1,118,2,""Alg1"",6009637.91506442"
"1,118,2,""Alg2"",7107403.91000648"
"1,51,3,""Alg1"",888010.133275288"
"1,51,3,""Alg2"",1684399.76993137"
"1,118,4,""Alg1"",5586904.29637885"
"1,118,4,""Alg2"",7905109.36911558"
"1,51,5,""Alg1"",918973.793273106"
"1,51,5,""Alg2"",1662585.19056136"
"1,101,6,""Alg1"",4219630.81242921"
"1,101,6,""Alg2"",6787564.0137278"
"1,101,7,""Alg1"",5029425.58077883"
"1,101,7,""Alg2"",6271864.57511042"
"1,118,8,""Alg1"",6684666.74215092"
"1,118,8,""Alg2"",8129949.45763114"
"1,51,9,""Alg1"",737663.860233668"
"1,51,9,""Alg2"",1527614.26088468"
"1,118,10,""Alg1"",5876712.07559016"
"1,118,10,""Alg2"",8212766.12433677"
"1,118,11,""Alg1"",5525818.61792222"
"1,118,11,""Alg2"",9104137.75758122"
"1,51,12,""Alg1"",795966.941709036"
"1,51,12,""Alg2"",1412211.71905782"
"1,101,13,""Alg1"",3742052.31581187"
"1,101,13,""Alg2"",7482991.56293115"
"1,118,14,""Alg1"",6294080.51199219"
"1,118,14,""Alg2"",8534737.83004014"
"1,118,15,""Alg1"",5026957.64180521"
"1,118,15,""Alg2"",7275572.02853531"
"1,101,16,""Alg1"",4856915.58166809"
"1,101,16,""Alg2"",6399398.88955329"
"1,118,17,""Alg1"",5916148.16804244"
"1,118,17,""Alg2"",8408770.51249187"
"1,118,18,""Alg1"",6240871.99868485"
"1,118,18,""Alg2"",8999576.34025099"
"1,51,19,""Alg1"",367070.666652223"
"1,51,19,""Alg2"",1721986.80226522"
"1,51,20,""Alg1"",1099336.47062876"
"1,51,20,""Alg2"",1887498.89523313"
"1,101,21,""Alg1"",3953738.88195738"
"1,101,21,""Alg2"",7388656.0654446"
"1,118,22,""Alg1"",6830541.29705419"
"1,118,22,""Alg2"",8471819.46158287"
"1,118,23,""Alg1"",6062832.33110808"
"1,118,23,""Alg2"",8752322.26510857"
"1,118,24,""Alg1"",6541498.34539661"
"1,118,24,""Alg2"",9226172.47681671"
"1,101,25,""Alg1"",4256749.09089804"
"1,101,25,""Alg2"",7372976.06307537"
"1,118,26,""Alg1"",5994502.73335271"
"1,118,26,""Alg2"",8882709.37067311"
"1,51,27,""Alg1"",936207.340484055"
"1,51,27,""Alg2"",1518755.15870558"
"1,118,28,""Alg1"",6300839.4435059"
"1,118,28,""Alg2"",7824141.33895304"
"1,51,29,""Alg1"",1100734.40050277"
"1,51,29,""Alg2"",1953337.54493695"
"1,101,30,""Alg1"",4778201.99110184"
"1,101,30,""Alg2"",7462467.27679512"
"2,18,1,""Alg1"",7492.79406833697"
"2,18,1,""Alg2"",221902.7581709"
"2,18,2,""Alg1"",6840.4663415036"
"2,18,2,""Alg2"",269043.613762606"
"2,18,3,""Alg1"",5915.83230731998"
"2,18,3,""Alg2"",235007.112310902"
"2,18,4,""Alg1"",6227.63715226035"
"2,18,4,""Alg2"",170312.844063595"
"2,18,5,""Alg1"",12949.3348018541"
"2,18,5,""Alg2"",235532.171311728"
"2,71,6,""Alg1"",2426991.80096282"
"2,71,6,""Alg2"",4142960.83836609"
"2,112,7,""Alg1"",6003010.39404552"
"2,112,7,""Alg2"",7152396.11153569"
"2,112,8,""Alg1"",4904880.24546988"
"2,112,8,""Alg2"",7653593.87028368"
"2,112,9,""Alg1"",4303652.34690648"
"2,112,9,""Alg2"",8642385.11588668"
"2,18,10,""Alg1"",10569.1350902356"
"2,18,10,""Alg2"",153873.111106492"
"2,112,11,""Alg1"",5625208.71628213"
"2,112,11,""Alg2"",7131154.66604699"
"2,71,12,""Alg1"",1463823.46025307"
"2,71,12,""Alg2"",4389804.83442148"
"2,71,13,""Alg1"",2274634.68018994"
"2,71,13,""Alg2"",4037677.89725803"
"2,112,14,""Alg1"",5567755.54300082"
"2,112,14,""Alg2"",8258735.01753334"
"2,71,15,""Alg1"",2500977.48586493"
"2,71,15,""Alg2"",4745345.01761866"
"2,112,16,""Alg1"",6146807.69215203"
"2,112,16,""Alg2"",7990534.85211157"
"2,112,17,""Alg1"",5382963.296158"
"2,112,17,""Alg2"",8784422.53265337"
"2,18,18,""Alg1"",11338.1961934547"
"2,18,18,""Alg2"",212617.091281414"
"2,71,19,""Alg1"",1507058.77593697"
"2,71,19,""Alg2"",4005947.86067212"
"2,112,20,""Alg1"",5590406.58069663"
"2,112,20,""Alg2"",8183392.80503982"
"2,112,21,""Alg1"",5395515.17225866"
"2,112,21,""Alg2"",8003531.39378322"
"2,112,22,""Alg1"",5712276.92328918"
"2,112,22,""Alg2"",8453008.69874232"
"2,112,23,""Alg1"",5278306.1024002"
"2,112,23,""Alg2"",7018902.90215652"
"2,71,24,""Alg1"",2259445.94892198"
"2,71,24,""Alg2"",3322645.66348053"
"2,18,25,""Alg1"",11005.2465539634"
"2,18,25,""Alg2"",214206.182833379"
"2,18,26,""Alg1"",5704.39668105822"
"2,18,26,""Alg2"",219565.183774729"
"2,18,27,""Alg1"",10901.7780219484"
"2,18,27,""Alg2"",175358.041340841"
"2,71,28,""Alg1"",1223371.68890637"
"2,71,28,""Alg2"",4405540.75468711"
"2,112,29,""Alg1"",5994880.65187973"
"2,112,29,""Alg2"",8059296.77877217"
"2,18,30,""Alg1"",3274.73609304983"
"2,18,30,""Alg2"",185473.992930924"
"3,70,1,""Alg1"",1695910.7876255"
"3,70,1,""Alg2"",3557565.96881452"
"3,88,2,""Alg1"",1853728.9809801"
"3,88,2,""Alg2"",5575256.65160192"
"3,109,3,""Alg1"",5941008.39148886"
"3,109,3,""Alg2"",7028600.77989649"
"3,70,4,""Alg1"",1784577.11341107"
"3,70,4,""Alg2"",4662195.28293832"
"3,109,5,""Alg1"",5686660.51866033"
"3,109,5,""Alg2"",8288172.50616889"
"3,88,6,""Alg1"",2772895.2947169"
"3,88,6,""Alg2"",6576878.66340792"
"3,88,7,""Alg1"",3124752.23219398"
"3,88,7,""Alg2"",6015517.27525223"
"3,109,8,""Alg1"",4197258.15998878"
"3,109,8,""Alg2"",7367122.87809007"
"3,70,9,""Alg1"",2227371.16724468"
"3,70,9,""Alg2"",3287437.72439388"
"3,109,10,""Alg1"",5346484.20704885"
"3,109,10,""Alg2"",7762250.59503156"
"3,88,11,""Alg1"",2811291.8589632"
"3,88,11,""Alg2"",6428783.67642647"
"3,70,12,""Alg1"",2295026.77787261"
"3,70,12,""Alg2"",3484625.78474119"
"3,88,13,""Alg1"",3488406.98980971"
"3,88,13,""Alg2"",6113559.84045445"
"3,109,14,""Alg1"",5312274.47012471"
"3,109,14,""Alg2"",7831152.62743246"
"3,109,15,""Alg1"",4606941.82510632"
"3,109,15,""Alg2"",6991757.61432817"
"3,70,16,""Alg1"",1208220.93229097"
"3,70,16,""Alg2"",3701178.83435944"
"3,70,17,""Alg1"",1702455.42353143"
"3,70,17,""Alg2"",3891718.63077778"
"3,88,18,""Alg1"",3033897.13856862"
"3,88,18,""Alg2"",6495258.86910038"
"3,109,19,""Alg1"",4917057.79839149"
"3,109,19,""Alg2"",8395566.6947982"
"3,109,20,""Alg1"",4986839.75701761"
"3,109,20,""Alg2"",7693428.15017878"
"3,70,21,""Alg1"",2002116.13266022"
"3,70,21,""Alg2"",2807074.92842474"
"3,88,22,""Alg1"",3549037.67423698"
"3,88,22,""Alg2"",7081245.94657145"
"3,70,23,""Alg1"",2335852.54096129"
"3,70,23,""Alg2"",3781885.9357226"
"3,88,24,""Alg1"",3530175.40285613"
"3,88,24,""Alg2"",5338137.19372507"
"3,109,25,""Alg1"",5798829.34604345"
"3,109,25,""Alg2"",7377786.34966709"
"3,70,26,""Alg1"",1717492.8395494"
"3,70,26,""Alg2"",4812563.89754179"
"3,88,27,""Alg1"",3754196.62630592"
"3,88,27,""Alg2"",6615317.84227642"
"3,70,28,""Alg1"",1413070.82405605"
"3,70,28,""Alg2"",3186407.18744134"
"3,88,29,""Alg1"",3061574.31280571"
"3,88,29,""Alg2"",6430688.7941637"
"3,88,30,""Alg1"",3435632.10805735"
"3,88,30,""Alg2"",6598727.46731844"
"4,53,1,""Alg1"",665118.196141509"
"4,53,1,""Alg2"",1301208.42730378"
"4,53,2,""Alg1"",746082.950529046"
"4,53,2,""Alg2"",1820282.43878493"
"4,73,3,""Alg1"",1484266.62152285"
"4,73,3,""Alg2"",4820800.99668633"
"4,73,4,""Alg1"",2176017.94210218"
"4,73,4,""Alg2"",3870901.42960807"
"4,53,5,""Alg1"",1338089.62194302"
"4,53,5,""Alg2"",1432260.8630624"
"4,73,6,""Alg1"",2303537.77620453"
"4,73,6,""Alg2"",4136532.12982307"
"4,53,7,""Alg1"",762303.772114652"
"4,53,7,""Alg2"",2040370.99685556"
"4,25,8,""Alg1"",36864.9838864314"
"4,25,8,""Alg2"",447918.899837893"
"4,73,9,""Alg1"",2415579.54458862"
"4,73,9,""Alg2"",4976062.76402226"
"4,73,10,""Alg1"",2406848.74230231"
"4,73,10,""Alg2"",4862895.90041754"
"4,53,11,""Alg1"",625910.542019948"
"4,53,11,""Alg2"",1708828.76460978"
"4,73,12,""Alg1"",2592618.35687174"
"4,73,12,""Alg2"",4347722.70179384"
"4,73,13,""Alg1"",2000143.01397722"
"4,73,13,""Alg2"",4781431.12735758"
"4,25,14,""Alg1"",54292.1075865618"
"4,25,14,""Alg2"",496555.615270793"
"4,53,15,""Alg1"",1249068.66480269"
"4,53,15,""Alg2"",2149024.00162928"
"4,53,16,""Alg1"",930356.909639641"
"4,53,16,""Alg2"",1966440.78664288"
"4,25,17,""Alg1"",56136.5105256812"
"4,25,17,""Alg2"",489473.865406425"
"4,73,18,""Alg1"",2346827.59788404"
"4,73,18,""Alg2"",4502823.71057196"
"4,53,19,""Alg1"",1156964.68296197"
"4,53,19,""Alg2"",1850513.03282774"
"4,73,20,""Alg1"",2526688.3708965"
"4,73,20,""Alg2"",4846413.38150146"
"4,53,21,""Alg1"",596082.174370804"
"4,53,21,""Alg2"",2041512.06936964"
"4,73,22,""Alg1"",2366898.04640216"
"4,73,22,""Alg2"",4805533.67119306"
"4,73,23,""Alg1"",2262974.81412992"
"4,73,23,""Alg2"",5355575.44687692"
"4,25,24,""Alg1"",66430.976899169"
"4,25,24,""Alg2"",326606.909337673"
"4,25,25,""Alg1"",80798.038416246"
"4,25,25,""Alg2"",459133.926550038"
"4,25,26,""Alg1"",69668.2402119051"
"4,25,26,""Alg2"",448013.895273024"
"4,53,27,""Alg1"",886471.560068849"
"4,53,27,""Alg2"",2080976.77550938"
"4,73,28,""Alg1"",1613126.77959038"
"4,73,28,""Alg2"",5374550.68494575"
"4,53,29,""Alg1"",962129.722469972"
"4,53,29,""Alg2"",1949190.3151059"
"4,53,30,""Alg1"",875404.300248686"
"4,53,30,""Alg2"",1918400.43657802"
"5,145,1,""Alg1"",8530154.86242254"
"5,145,1,""Alg2"",10896743.4846437"
"5,63,2,""Alg1"",1366505.663501"
"5,63,2,""Alg2"",4043782.78897653"
"5,117,3,""Alg1"",5805557.06525097"
"5,117,3,""Alg2"",8968063.35393339"
"5,145,4,""Alg1"",9156287.83816411"
"5,145,4,""Alg2"",11324927.6047684"
"5,117,5,""Alg1"",6304233.51174104"
"5,117,5,""Alg2"",7948366.91743736"
"5,117,6,""Alg1"",5753883.08178337"
"5,117,6,""Alg2"",8525241.62219626"
"5,117,7,""Alg1"",6478037.87095588"
"5,117,7,""Alg2"",7591690.11122496"
"5,145,8,""Alg1"",9277798.07193678"
"5,145,8,""Alg2"",11655163.7450051"
"5,117,9,""Alg1"",5780158.10784864"
"5,117,9,""Alg2"",9022514.11772138"
"5,145,10,""Alg1"",8336892.52410379"
"5,145,10,""Alg2"",11464599.413816"
"5,145,11,""Alg1"",8883815.49664732"
"5,145,11,""Alg2"",10963976.9566144"
"5,63,12,""Alg1"",2002346.33103449"
"5,63,12,""Alg2"",3039567.48771412"
"5,145,13,""Alg1"",9732450.29363762"
"5,145,13,""Alg2"",11190897.3977198"
"5,145,14,""Alg1"",9583610.23957884"
"5,145,14,""Alg2"",10132530.2749754"
"5,63,15,""Alg1"",1850232.11102597"
"5,63,15,""Alg2"",3799994.06134744"
"5,63,16,""Alg1"",1801649.27855347"
"5,63,16,""Alg2"",3168421.27078662"
"5,117,17,""Alg1"",5431449.53850275"
"5,117,17,""Alg2"",8413740.54793153"
"5,63,18,""Alg1"",1496149.24235435"
"5,63,18,""Alg2"",3042739.8079602"
"5,145,19,""Alg1"",7776524.62367091"
"5,145,19,""Alg2"",10832476.6953351"
"5,145,20,""Alg1"",9375906.83111234"
"5,145,20,""Alg2"",10910444.0739116"
"5,63,21,""Alg1"",1546378.36240255"
"5,63,21,""Alg2"",4249444.82238177"
"5,145,22,""Alg1"",9421670.90983446"
"5,145,22,""Alg2"",9660043.39852193"
"5,145,23,""Alg1"",8589023.89473785"
"5,145,23,""Alg2"",11517671.3662334"
"5,145,24,""Alg1"",8421168.16294111"
"5,145,24,""Alg2"",11206103.0988823"
"5,117,25,""Alg1"",5516328.36890427"
"5,117,25,""Alg2"",9340370.76545896"
"5,117,26,""Alg1"",6271372.4580052"
"5,117,26,""Alg2"",8715893.32597821"
"5,145,27,""Alg1"",8835052.04655432"
"5,145,27,""Alg2"",10275516.4255449"
"5,117,28,""Alg1"",5630219.95492107"
"5,117,28,""Alg2"",8403472.12953623"
"5,117,29,""Alg1"",5517843.5064884"
"5,117,29,""Alg2"",8182635.42597057"
"5,117,30,""Alg1"",5232301.07278424"
"5,117,30,""Alg2"",8286620.5269303"
"6,20,1,""Alg1"",24938.2336164378"
"6,20,1,""Alg2"",344696.311294564"
"6,20,2,""Alg1"",17512.6866761087"
"6,20,2,""Alg2"",321931.468332917"
"6,128,3,""Alg1"",5749685.34470444"
"6,128,3,""Alg2"",6981515.66782138"
"6,77,4,""Alg1"",2835671.45493535"
"6,77,4,""Alg2"",4999402.66574289"
"6,77,5,""Alg1"",2556277.60999399"
"6,77,5,""Alg2"",5228024.25028719"
"6,77,6,""Alg1"",2663003.45404721"
"6,77,6,""Alg2"",5062257.76972347"
"6,128,7,""Alg1"",6998301.21992307"
"6,128,7,""Alg2"",9406402.67788635"
"6,128,8,""Alg1"",6588627.18018352"
"6,128,8,""Alg2"",8802049.12145586"
"6,128,9,""Alg1"",7621476.08750961"
"6,128,9,""Alg2"",9133923.06704251"
"6,20,10,""Alg1"",11798.6210619938"
"6,20,10,""Alg2"",223123.16079772"
"6,77,11,""Alg1"",3067845.33828006"
"6,77,11,""Alg2"",4559196.54091239"
"6,20,12,""Alg1"",13663.5282838699"
"6,20,12,""Alg2"",262971.541882273"
"6,128,13,""Alg1"",6662214.16950401"
"6,128,13,""Alg2"",10518748.5009753"
"6,20,14,""Alg1"",7853.51670913536"
"6,20,14,""Alg2"",290419.082917105"
"6,20,15,""Alg1"",13362.9825868895"
"6,20,15,""Alg2"",234284.829961584"
"6,128,16,""Alg1"",7685449.2824204"
"6,128,16,""Alg2"",8430520.99103257"
"6,128,17,""Alg1"",5660278.22194827"
"6,128,17,""Alg2"",8927669.44404784"
"6,20,18,""Alg1"",14492.5256489952"
"6,20,18,""Alg2"",302335.760083966"
"6,20,19,""Alg1"",28627.3783353237"
"6,20,19,""Alg2"",250959.428308431"
"6,128,20,""Alg1"",6401871.50691401"
"6,128,20,""Alg2"",9698656.87837974"
"6,20,21,""Alg1"",22454.470418465"
"6,20,21,""Alg2"",323141.532819032"
"6,77,22,""Alg1"",2214472.508692"
"6,77,22,""Alg2"",3829894.4343612"
"6,77,23,""Alg1"",2854183.96099398"
"6,77,23,""Alg2"",4828732.52077019"
"6,20,24,""Alg1"",31715.9883088199"
"6,20,24,""Alg2"",267795.720082886"
"6,77,25,""Alg1"",2271553.48395075"
"6,77,25,""Alg2"",4381005.11217686"
"6,128,26,""Alg1"",6523677.30866465"
"6,128,26,""Alg2"",9334491.2632975"
"6,20,27,""Alg1"",19629.7726393411"
"6,20,27,""Alg2"",317617.309861"
"6,128,28,""Alg1"",7336701.60128025"
"6,128,28,""Alg2"",9852665.11258172"
"6,128,29,""Alg1"",7806972.59315853"
"6,128,29,""Alg2"",9547115.67714368"
"6,77,30,""Alg1"",2886319.54888454"
"6,77,30,""Alg2"",5347278.40490741"
"7,98,1,""Alg1"",3595289.35016435"
"7,98,1,""Alg2"",5827961.68018801"
"7,41,2,""Alg1"",476356.581979359"
"7,41,2,""Alg2"",1314248.47840532"
"7,98,3,""Alg1"",3670681.61430181"
"7,98,3,""Alg2"",4998169.46736185"
"7,140,4,""Alg1"",8186724.71332284"
"7,140,4,""Alg2"",10359400.5365842"
"7,41,5,""Alg1"",556127.689567418"
"7,41,5,""Alg2"",1281852.40771966"
"7,98,6,""Alg1"",3543764.39166696"
"7,98,6,""Alg2"",6773626.93156592"
"7,41,7,""Alg1"",380257.864782888"
"7,41,7,""Alg2"",1123531.35062804"
"7,41,8,""Alg1"",485541.129673696"
"7,41,8,""Alg2"",1231981.85056359"
"7,41,9,""Alg1"",378227.358119731"
"7,41,9,""Alg2"",1371463.91911312"
"7,41,10,""Alg1"",409601.168268565"
"7,41,10,""Alg2"",1199606.65745868"
"7,140,11,""Alg1"",8757992.18460413"
"7,140,11,""Alg2"",10770894.3832296"
"7,140,12,""Alg1"",8221233.12528685"
"7,140,12,""Alg2"",9877670.41029466"
"7,41,13,""Alg1"",383996.075400316"
"7,41,13,""Alg2"",1308003.83603222"
"7,98,14,""Alg1"",4569985.94649031"
"7,98,14,""Alg2"",6893804.97938751"
"7,41,15,""Alg1"",338686.189636083"
"7,41,15,""Alg2"",1313286.22291763"
"7,98,16,""Alg1"",4387408.72882686"
"7,98,16,""Alg2"",7514225.33407503"
"7,140,17,""Alg1"",7801496.67161941"
"7,140,17,""Alg2"",10521875.7412206"
"7,140,18,""Alg1"",8362484.95614429"
"7,140,18,""Alg2"",11562840.0514715"
"7,41,19,""Alg1"",345618.08378541"
"7,41,19,""Alg2"",1266573.70702503"
"7,41,20,""Alg1"",295816.041136147"
"7,41,20,""Alg2"",998628.470418572"
"7,140,21,""Alg1"",8975620.03348829"
"7,140,21,""Alg2"",8658863.65704212"
"7,98,22,""Alg1"",4993083.48025819"
"7,98,22,""Alg2"",6675142.84552807"
"7,41,23,""Alg1"",342023.17546944"
"7,41,23,""Alg2"",999737.283921847"
"7,98,24,""Alg1"",4346190.30409607"
"7,98,24,""Alg2"",7535614.80124766"
"7,140,25,""Alg1"",8098332.54407501"
"7,140,25,""Alg2"",9094787.28098163"
"7,140,26,""Alg1"",6895095.88453456"
"7,140,26,""Alg2"",11089004.7170502"
"7,140,27,""Alg1"",7843102.9719752"
"7,140,27,""Alg2"",11290794.5077635"
"7,41,28,""Alg1"",367679.537142567"
"7,41,28,""Alg2"",1465678.62837305"
"7,41,29,""Alg1"",479685.181490846"
"7,41,29,""Alg2"",1140746.5951971"
"7,41,30,""Alg1"",517040.098320755"
"7,41,30,""Alg2"",1178777.83522017"
"8,22,1,""Alg1"",50753.431497653"
"8,22,1,""Alg2"",316322.651593829"
"8,31,2,""Alg1"",223251.217604205"
"8,31,2,""Alg2"",738811.751393017"
"8,40,3,""Alg1"",318659.040383983"
"8,40,3,""Alg2"",1161194.17878189"
"8,31,4,""Alg1"",125828.588751329"
"8,31,4,""Alg2"",626966.363671642"
"8,40,5,""Alg1"",434777.837014883"
"8,40,5,""Alg2"",1049311.23329662"
"8,22,6,""Alg1"",44314.5023698551"
"8,22,6,""Alg2"",337912.109599902"
"8,22,7,""Alg1"",31561.5462353737"
"8,22,7,""Alg2"",419417.54063018"
"8,22,8,""Alg1"",43385.4649640574"
"8,22,8,""Alg2"",352287.040799071"
"8,31,9,""Alg1"",214315.938791239"
"8,31,9,""Alg2"",720929.913259343"
"8,31,10,""Alg1"",188070.843524548"
"8,31,10,""Alg2"",743603.182469586"
"8,31,11,""Alg1"",209500.883221169"
"8,31,11,""Alg2"",613500.873684727"
"8,22,12,""Alg1"",19621.7586207931"
"8,22,12,""Alg2"",311339.966005362"
"8,40,13,""Alg1"",312710.386557546"
"8,40,13,""Alg2"",1214982.22706511"
"8,22,14,""Alg1"",41528.8526488164"
"8,22,14,""Alg2"",252871.484747582"
"8,31,15,""Alg1"",170116.880777916"
"8,31,15,""Alg2"",799775.650024715"
"8,40,16,""Alg1"",420870.958513536"
"8,40,16,""Alg2"",1398102.1741798"
"8,31,17,""Alg1"",80177.2856873327"
"8,31,17,""Alg2"",699491.550261828"
"8,31,18,""Alg1"",202628.385903633"
"8,31,18,""Alg2"",806344.147927148"
"8,31,19,""Alg1"",189772.171262295"
"8,31,19,""Alg2"",794138.529634841"
"8,40,20,""Alg1"",354093.470172655"
"8,40,20,""Alg2"",1097141.67028675"
"8,40,21,""Alg1"",403238.989400593"
"8,40,21,""Alg2"",1191581.68738859"
"8,22,22,""Alg1"",13235.1533483603"
"8,22,22,""Alg2"",381562.430908599"
"8,40,23,""Alg1"",361177.470724831"
"8,40,23,""Alg2"",1100448.18466437"
"8,40,24,""Alg1"",372843.435408546"
"8,40,24,""Alg2"",896884.878448916"
"8,31,25,""Alg1"",193611.372383253"
"8,31,25,""Alg2"",674025.711037092"
"8,22,26,""Alg1"",41529.0576786901"
"8,22,26,""Alg2"",298435.584768333"
"8,31,27,""Alg1"",195027.330282799"
"8,31,27,""Alg2"",733323.840475492"
"8,40,28,""Alg1"",462831.61537263"
"8,40,28,""Alg2"",1003785.71069318"
"8,22,29,""Alg1"",23577.5068570202"
"8,22,29,""Alg2"",284999.34178979"
"8,40,30,""Alg1"",425673.925879755"
"8,40,30,""Alg2"",1224165.11487941"
"9,13,1,""Alg1"",2507.0934702248"
"9,13,1,""Alg2"",93409.2175292777"
"9,28,2,""Alg1"",66356.1335968736"
"9,28,2,""Alg2"",692608.996015337"
"9,28,3,""Alg1"",84234.8099847408"
"9,28,3,""Alg2"",563872.019169517"
"9,39,4,""Alg1"",376435.78112309"
"9,39,4,""Alg2"",1101849.24047445"
"9,39,5,""Alg1"",301659.562868918"
"9,39,5,""Alg2"",1235326.35663502"
"9,39,6,""Alg1"",414029.309163175"
"9,39,6,""Alg2"",1160340.39925946"
"9,28,7,""Alg1"",73909.8861232697"
"9,28,7,""Alg2"",697830.304907143"
"9,39,8,""Alg1"",373597.278802732"
"9,39,8,""Alg2"",1040273.3962398"
"9,39,9,""Alg1"",191286.654379374"
"9,39,9,""Alg2"",908033.640613797"
"9,28,10,""Alg1"",101936.07649177"
"9,28,10,""Alg2"",540008.314058659"
"9,13,11,""Alg1"",775.159182345765"
"9,13,11,""Alg2"",67299.9082954017"
"9,39,12,""Alg1"",478325.816423054"
"9,39,12,""Alg2"",1215056.64513994"
"9,39,13,""Alg1"",420250.029280742"
"9,39,13,""Alg2"",1214860.7155952"
"9,13,14,""Alg1"",743.088284664241"
"9,13,14,""Alg2"",54748.4389704312"
"9,28,15,""Alg1"",86244.3208722702"
"9,28,15,""Alg2"",583731.225540215"
"9,28,16,""Alg1"",97712.5707417047"
"9,28,16,""Alg2"",548389.639921802"
"9,39,17,""Alg1"",295340.949891588"
"9,39,17,""Alg2"",1257951.15813237"
"9,28,18,""Alg1"",119522.100511165"
"9,28,18,""Alg2"",611149.54848267"
"9,28,19,""Alg1"",55187.6042504805"
"9,28,19,""Alg2"",609191.866272429"
"9,13,20,""Alg1"",926.607248514708"
"9,13,20,""Alg2"",64292.5046298202"
"9,13,21,""Alg1"",487.766753442671"
"9,13,21,""Alg2"",41639.9265957944"
"9,39,22,""Alg1"",313605.63020171"
"9,39,22,""Alg2"",1143734.14655056"
"9,28,23,""Alg1"",83436.8086022974"
"9,28,23,""Alg2"",597303.30198594"
"9,39,24,""Alg1"",416597.358144692"
"9,39,24,""Alg2"",1158243.45785543"
"9,13,25,""Alg1"",585.572564536017"
"9,13,25,""Alg2"",73489.7265317939"
"9,28,26,""Alg1"",59009.4427074232"
"9,28,26,""Alg2"",594624.438522608"
"9,39,27,""Alg1"",351780.698234498"
"9,39,27,""Alg2"",1275905.51333471"
"9,13,28,""Alg1"",1319.96101545982"
"9,13,28,""Alg2"",69389.4138982368"
"9,13,29,""Alg1"",1341.04027503089"
"9,13,29,""Alg2"",9420.70372432346"
"9,39,30,""Alg1"",281579.339675064"
"9,39,30,""Alg2"",1191903.99123445"
"10,69,1,""Alg1"",2044396.819949"
"10,69,1,""Alg2"",4506244.21399585"
"10,69,2,""Alg1"",1956026.00398085"
"10,69,2,""Alg2"",3147564.66389774"
"10,113,3,""Alg1"",5236837.12405227"
"10,113,3,""Alg2"",7975646.56731874"
"10,55,4,""Alg1"",888416.632990945"
"10,55,4,""Alg2"",2035648.07796547"
"10,55,5,""Alg1"",751925.274710065"
"10,55,5,""Alg2"",1659489.14119241"
"10,113,6,""Alg1"",5361357.82065223"
"10,113,6,""Alg2"",6906356.31536847"
"10,69,7,""Alg1"",1376912.21153989"
"10,69,7,""Alg2"",4103424.23425181"
"10,113,8,""Alg1"",5810615.65237124"
"10,113,8,""Alg2"",8545114.73688627"
"10,69,9,""Alg1"",2296052.16630189"
"10,69,9,""Alg2"",5261025.71264681"
"10,113,10,""Alg1"",5748372.13685718"
"10,113,10,""Alg2"",8371598.32334698"
"10,69,11,""Alg1"",1583819.66246133"
"10,69,11,""Alg2"",3483531.44187132"
"10,55,12,""Alg1"",880304.563399335"
"10,55,12,""Alg2"",1631804.78337292"
"10,69,13,""Alg1"",1929822.3764535"
"10,69,13,""Alg2"",4616055.86797073"
"10,55,14,""Alg1"",717551.483437377"
"10,55,14,""Alg2"",2035399.76975212"
"10,113,15,""Alg1"",6437352.35722786"
"10,113,15,""Alg2"",8473316.11336201"
"10,55,16,""Alg1"",1305591.94446703"
"10,55,16,""Alg2"",2320872.80399178"
"10,55,17,""Alg1"",1174922.07473926"
"10,55,17,""Alg2"",2072324.22989316"
"10,69,18,""Alg1"",1490851.31208912"
"10,69,18,""Alg2"",3794137.03714757"
"10,113,19,""Alg1"",6145480.5838971"
"10,113,19,""Alg2"",8571639.80531796"
"10,55,20,""Alg1"",974944.791009004"
"10,55,20,""Alg2"",2244224.38887973"
"10,113,21,""Alg1"",5151982.57703933"
"10,113,21,""Alg2"",8476315.47779019"
"10,113,22,""Alg1"",5225728.73107819"
"10,113,22,""Alg2"",8297327.9377843"
"10,113,23,""Alg1"",5859407.31276317"
"10,113,23,""Alg2"",8131550.56388728"
"10,55,24,""Alg1"",827915.173907777"
"10,55,24,""Alg2"",2050864.90614965"
"10,55,25,""Alg1"",986550.753688383"
"10,55,25,""Alg2"",2211904.15687679"
"10,69,26,""Alg1"",2035733.34229355"
"10,69,26,""Alg2"",2720527.73881797"
"10,55,27,""Alg1"",887315.396090811"
"10,55,27,""Alg2"",2730567.63645805"
"10,69,28,""Alg1"",2064817.7964814"
"10,69,28,""Alg2"",3872188.17114479"
"10,113,29,""Alg1"",5601505.31098791"
"10,113,29,""Alg2"",8004466.62814331"
"10,55,30,""Alg1"",989918.978174996"
"10,55,30,""Alg2"",3001466.51619081"
"11,7,1,""Alg1"",18.5635832957003"
"11,7,1,""Alg2"",413.215841936848"
"11,84,2,""Alg1"",3816064.7184756"
"11,84,2,""Alg2"",5074975.43804886"
"11,84,3,""Alg1"",3544906.05575443"
"11,84,3,""Alg2"",6174308.42499349"
"11,7,4,""Alg1"",18.5712875650055"
"11,7,4,""Alg2"",414.388445869866"
"11,7,5,""Alg1"",16.0560328661138"
"11,7,5,""Alg2"",503.599146346276"
"11,56,6,""Alg1"",1355854.63694756"
"11,56,6,""Alg2"",1972527.4965414"
"11,84,7,""Alg1"",2826549.39619549"
"11,84,7,""Alg2"",5524990.13029924"
"11,84,8,""Alg1"",3215628.23641588"
"11,84,8,""Alg2"",5908745.90732424"
"11,84,9,""Alg1"",2326396.00751766"
"11,84,9,""Alg2"",5762140.25327629"
"11,84,10,""Alg1"",2490469.4021423"
"11,84,10,""Alg2"",6057712.28011712"
"11,56,11,""Alg1"",1401155.14174296"
"11,56,11,""Alg2"",2032303.23194149"
"11,56,12,""Alg1"",1089281.00515955"
"11,56,12,""Alg2"",2090513.31614749"
"11,7,13,""Alg1"",25.3682467560727"
"11,7,13,""Alg2"",455.71863246271"
"11,84,14,""Alg1"",2983912.18170695"
"11,84,14,""Alg2"",4553830.16444966"
"11,7,15,""Alg1"",18.9672465068204"
"11,7,15,""Alg2"",760.876597595823"
"11,84,16,""Alg1"",2814779.40565406"
"11,84,16,""Alg2"",3475990.64534429"
"11,7,17,""Alg1"",21.1153603068983"
"11,7,17,""Alg2"",214.950912937775"
"11,84,18,""Alg1"",2442179.17270143"
"11,84,18,""Alg2"",3917095.21813765"
"11,7,19,""Alg1"",10.2844616032165"
"11,7,19,""Alg2"",123.808043891863"
"11,7,20,""Alg1"",8.97882180399797"
"11,7,20,""Alg2"",361.447674674447"
"11,56,21,""Alg1"",1154908.23282223"
"11,56,21,""Alg2"",2145838.60452223"
"11,56,22,""Alg1"",840691.192070873"
"11,56,22,""Alg2"",2344937.04780946"
"11,84,23,""Alg1"",3465116.85172736"
"11,84,23,""Alg2"",5940964.6506603"
"11,7,24,""Alg1"",7.91253152049813"
"11,7,24,""Alg2"",676.409126604438"
"11,7,25,""Alg1"",11.0523241498889"
"11,7,25,""Alg2"",1493.58384839989"
"11,84,26,""Alg1"",2830791.74425926"
"11,84,26,""Alg2"",5517730.0757057"
"11,7,27,""Alg1"",28.8085488396453"
"11,7,27,""Alg2"",400.139489709852"
"11,84,28,""Alg1"",2828417.41782309"
"11,84,28,""Alg2"",5184696.80586369"
"11,56,29,""Alg1"",951781.063931202"
"11,56,29,""Alg2"",2799721.30265807"
"11,7,30,""Alg1"",13.9447437244212"
"11,7,30,""Alg2"",831.090383042339"
"12,132,1,""Alg1"",8092776.22458819"
"12,132,1,""Alg2"",9824769.42602312"
"12,132,2,""Alg1"",6713806.44373262"
"12,132,2,""Alg2"",9277460.25046247"
"12,146,3,""Alg1"",9968977.45548707"
"12,146,3,""Alg2"",11496703.6973508"
"12,44,4,""Alg1"",415946.529378312"
"12,44,4,""Alg2"",1182721.88245005"
"12,132,5,""Alg1"",7765177.97196001"
"12,132,5,""Alg2"",9657448.66342271"
"12,132,6,""Alg1"",7380538.61762298"
"12,132,6,""Alg2"",10529651.5041981"
"12,146,7,""Alg1"",8043528.61482238"
"12,146,7,""Alg2"",11464120.9122378"
"12,132,8,""Alg1"",6032297.64384263"
"12,132,8,""Alg2"",8290360.49032421"
"12,132,9,""Alg1"",6607813.42556148"
"12,132,9,""Alg2"",10216692.5190598"
"12,132,10,""Alg1"",7237218.27465464"
"12,132,10,""Alg2"",10393617.7965032"
"12,146,11,""Alg1"",9651692.78776556"
"12,146,11,""Alg2"",11607058.1127302"
"12,44,12,""Alg1"",656676.564874809"
"12,44,12,""Alg2"",1338442.19644617"
"12,146,13,""Alg1"",8468699.66840849"
"12,146,13,""Alg2"",10339119.8463009"
"12,44,14,""Alg1"",540038.965037506"
"12,44,14,""Alg2"",1274760.04024568"
"12,132,15,""Alg1"",8333073.24512506"
"12,132,15,""Alg2"",10514612.5223331"
"12,132,16,""Alg1"",7594099.5002921"
"12,132,16,""Alg2"",9574794.80689804"
"12,44,17,""Alg1"",655177.869244596"
"12,44,17,""Alg2"",1541325.22196667"
"12,146,18,""Alg1"",8352527.24578087"
"12,146,18,""Alg2"",10147139.7974875"
"12,146,19,""Alg1"",9607302.57951742"
"12,146,19,""Alg2"",10525836.5047628"
"12,44,20,""Alg1"",547274.378189369"
"12,44,20,""Alg2"",1447490.1721782"
"12,146,21,""Alg1"",8324484.28449123"
"12,146,21,""Alg2"",10788876.1764353"
"12,44,22,""Alg1"",507476.019917035"
"12,44,22,""Alg2"",1213969.38904189"
"12,132,23,""Alg1"",7471571.5324188"
"12,132,23,""Alg2"",9891829.57819584"
"12,132,24,""Alg1"",6809178.55507166"
"12,132,24,""Alg2"",10116461.510214"
"12,146,25,""Alg1"",8872652.1288613"
"12,146,25,""Alg2"",11352053.2775365"
"12,44,26,""Alg1"",536648.056096071"
"12,44,26,""Alg2"",1294482.71357498"
"12,44,27,""Alg1"",605669.609414662"
"12,44,27,""Alg2"",1270022.14104909"
"12,146,28,""Alg1"",7768867.57846938"
"12,146,28,""Alg2"",10173583.890898"
"12,44,29,""Alg1"",488068.106007844"
"12,44,29,""Alg2"",1376227.82712225"
"12,146,30,""Alg1"",9655227.28035991"
"12,146,30,""Alg2"",11834303.7109817"
"13,4,1,""Alg1"",0.373369170766787"
"13,4,1,""Alg2"",2.11739933546816"
"13,12,2,""Alg1"",485.79789457417"
"13,12,2,""Alg2"",71547.6438510886"
"13,4,3,""Alg1"",0.474440892440035"
"13,4,3,""Alg2"",5.90675169578193"
"13,43,4,""Alg1"",422145.634010048"
"13,43,4,""Alg2"",1205491.30199679"
"13,4,5,""Alg1"",1.06073383980586"
"13,4,5,""Alg2"",4.37596938030661"
"13,12,6,""Alg1"",215.69638978635"
"13,12,6,""Alg2"",52369.6198526525"
"13,12,7,""Alg1"",927.654414487287"
"13,12,7,""Alg2"",68757.4093784176"
"13,4,8,""Alg1"",0.0436916956618519"
"13,4,8,""Alg2"",5.96044674147628"
"13,12,9,""Alg1"",365.548152889497"
"13,12,9,""Alg2"",51176.2916978257"
"13,12,10,""Alg1"",354.579099991719"
"13,12,10,""Alg2"",17621.9419509878"
"13,12,11,""Alg1"",151.58396531064"
"13,12,11,""Alg2"",72296.0951399973"
"13,43,12,""Alg1"",554579.394738413"
"13,43,12,""Alg2"",1191182.59792368"
"13,43,13,""Alg1"",352740.123286044"
"13,43,13,""Alg2"",1215343.91349826"
"13,43,14,""Alg1"",209985.350402951"
"13,43,14,""Alg2"",1227779.11012955"
"13,4,15,""Alg1"",0.462235013543041"
"13,4,15,""Alg2"",2.4677516591059"
"13,12,16,""Alg1"",330.346893137887"
"13,12,16,""Alg2"",43823.1925800366"
"13,43,17,""Alg1"",580566.440124872"
"13,43,17,""Alg2"",1341767.19786472"
"13,12,18,""Alg1"",71.0792298463684"
"13,12,18,""Alg2"",51387.9648589158"
"13,4,19,""Alg1"",0.00896487259920756"
"13,4,19,""Alg2"",1.10711831725089"
"13,12,20,""Alg1"",568.286964688041"
"13,12,20,""Alg2"",30549.0593619296"
"13,43,21,""Alg1"",388598.416881759"
"13,43,21,""Alg2"",1373582.84403474"
"13,12,22,""Alg1"",189.076982477159"
"13,12,22,""Alg2"",64300.8971814261"
"13,43,23,""Alg1"",405882.056372264"
"13,43,23,""Alg2"",1440552.48740679"
"13,43,24,""Alg1"",769108.971122543"
"13,43,24,""Alg2"",1062752.79189029"
"13,4,25,""Alg1"",0.0270339144944156"
"13,4,25,""Alg2"",2.93716859768187"
"13,12,26,""Alg1"",1219.57823424119"
"13,12,26,""Alg2"",57478.1874882679"
"13,12,27,""Alg1"",369.794360281248"
"13,12,27,""Alg2"",27120.8792923174"
"13,43,28,""Alg1"",197962.867815575"
"13,43,28,""Alg2"",1363793.70375705"
"13,43,29,""Alg1"",521255.823017541"
"13,43,29,""Alg2"",1352069.9474328"
"13,43,30,""Alg1"",357673.825099571"
"13,43,30,""Alg2"",1245605.15962373"
"14,8,1,""Alg1"",38.1894144436785"
"14,8,1,""Alg2"",3741.74739563656"
"14,38,2,""Alg1"",430291.400343597"
"14,38,2,""Alg2"",1008630.83167147"
"14,38,3,""Alg1"",368565.893695878"
"14,38,3,""Alg2"",1099340.10546721"
"14,114,4,""Alg1"",5749734.30698979"
"14,114,4,""Alg2"",8225313.35403698"
"14,114,5,""Alg1"",5781928.53409765"
"14,114,5,""Alg2"",8645016.57855012"
"14,38,6,""Alg1"",291673.851582901"
"14,38,6,""Alg2"",1128451.03767577"
"14,38,7,""Alg1"",418684.813109051"
"14,38,7,""Alg2"",1004845.8766144"
"14,38,8,""Alg1"",332538.261334922"
"14,38,8,""Alg2"",944428.541242024"
"14,8,9,""Alg1"",34.3337152259528"
"14,8,9,""Alg2"",1108.60076988036"
"14,38,10,""Alg1"",321691.320357548"
"14,38,10,""Alg2"",1218157.21102935"
"14,8,11,""Alg1"",90.501177131407"
"14,8,11,""Alg2"",1798.31292692281"
"14,8,12,""Alg1"",61.4526180611807"
"14,8,12,""Alg2"",1983.19140257617"
"14,114,13,""Alg1"",6071865.26047236"
"14,114,13,""Alg2"",8694214.45676471"
"14,8,14,""Alg1"",31.9487947473631"
"14,8,14,""Alg2"",1751.91421560826"
"14,38,15,""Alg1"",150206.076047516"
"14,38,15,""Alg2"",1132485.3278136"
"14,8,16,""Alg1"",53.3204009853119"
"14,8,16,""Alg2"",1873.54452954898"
"14,114,17,""Alg1"",5961711.46959506"
"14,114,17,""Alg2"",7679554.46399484"
"14,38,18,""Alg1"",265708.549669918"
"14,38,18,""Alg2"",1096060.63670146"
"14,38,19,""Alg1"",292984.312704408"
"14,38,19,""Alg2"",1130023.14837381"
"14,38,20,""Alg1"",306267.462400934"
"14,38,20,""Alg2"",1087830.84573395"
"14,114,21,""Alg1"",6416162.58884735"
"14,114,21,""Alg2"",8655872.49817032"
"14,114,22,""Alg1"",6778487.05590856"
"14,114,22,""Alg2"",7850127.64221472"
"14,114,23,""Alg1"",6054716.63758862"
"14,114,23,""Alg2"",8036265.44746891"
"14,38,24,""Alg1"",193882.045202341"
"14,38,24,""Alg2"",1141101.82630328"
"14,8,25,""Alg1"",20.6317597397816"
"14,8,25,""Alg2"",3146.55784061447"
"14,114,26,""Alg1"",5570393.4214324"
"14,114,26,""Alg2"",8687245.02334788"
"14,114,27,""Alg1"",4663344.55432907"
"14,114,27,""Alg2"",7005321.74196146"
"14,114,28,""Alg1"",5325480.80205252"
"14,114,28,""Alg2"",6946315.9752729"
"14,8,29,""Alg1"",48.6853144988695"
"14,8,29,""Alg2"",1166.549742524"
"14,8,30,""Alg1"",78.6484994561775"
"14,8,30,""Alg2"",1228.03681841296"
"15,5,1,""Alg1"",2.21034596098734"
"15,5,1,""Alg2"",23.660329099215"
"15,96,2,""Alg1"",4225274.35123639"
"15,96,2,""Alg2"",5863666.28619524"
"15,144,3,""Alg1"",8874196.04563623"
"15,144,3,""Alg2"",11925984.6410995"
"15,5,4,""Alg1"",0.198148453837098"
"15,5,4,""Alg2"",15.0712607781335"
"15,144,5,""Alg1"",7485744.15815603"
"15,144,5,""Alg2"",7638199.92746833"
"15,5,6,""Alg1"",1.03124811017855"
"15,5,6,""Alg2"",78.7790147555456"
"15,144,7,""Alg1"",8185903.15202712"
"15,144,7,""Alg2"",10681032.2803434"
"15,96,8,""Alg1"",4392916.39488921"
"15,96,8,""Alg2"",7104493.25309229"
"15,96,9,""Alg1"",3846199.63167927"
"15,96,9,""Alg2"",6427559.46331798"
"15,96,10,""Alg1"",4176324.8198028"
"15,96,10,""Alg2"",7078806.03068245"
"15,144,11,""Alg1"",8953472.35144161"
"15,144,11,""Alg2"",11281327.6668926"
"15,144,12,""Alg1"",8676442.75184766"
"15,144,12,""Alg2"",7190012.10343095"
"15,5,13,""Alg1"",0.00425194217218934"
"15,5,13,""Alg2"",43.9541750880631"
"15,96,14,""Alg1"",4220207.65757712"
"15,96,14,""Alg2"",7145257.55521492"
"15,96,15,""Alg1"",4650094.8598946"
"15,96,15,""Alg2"",7838177.57714512"
"15,5,16,""Alg1"",1.2278151832153"
"15,5,16,""Alg2"",44.9686774748978"
"15,96,17,""Alg1"",4778960.87185643"
"15,96,17,""Alg2"",6267834.99059581"
"15,96,18,""Alg1"",4091964.59092832"
"15,96,18,""Alg2"",7000389.00419242"
"15,96,19,""Alg1"",3345622.34141505"
"15,96,19,""Alg2"",7072974.59065149"
"15,5,20,""Alg1"",0.371985532988782"
"15,5,20,""Alg2"",24.6984695031153"
"15,96,21,""Alg1"",3175787.58414215"
"15,96,21,""Alg2"",6246081.74076463"
"15,144,22,""Alg1"",8584293.64926365"
"15,144,22,""Alg2"",11205309.118779"
"15,144,23,""Alg1"",8731745.70692527"
"15,144,23,""Alg2"",11778872.4195432"
"15,5,24,""Alg1"",1.56991145487368"
"15,5,24,""Alg2"",10.0263111827276"
"15,96,25,""Alg1"",3831203.88276652"
"15,96,25,""Alg2"",6827368.01076775"
"15,5,26,""Alg1"",5.19216785530682"
"15,5,26,""Alg2"",31.3689986683064"
"15,5,27,""Alg1"",0.0455088028860171"
"15,5,27,""Alg2"",11.3314501986395"
"15,96,28,""Alg1"",3823828.2286011"
"15,96,28,""Alg2"",6534819.64504093"
"15,144,29,""Alg1"",9272205.45819842"
"15,144,29,""Alg2"",10955955.5227623"
"15,96,30,""Alg1"",4321159.05638688"
"15,96,30,""Alg2"",4230616.78862652"
"16,133,1,""Alg1"",8289942.58477631"
"16,133,1,""Alg2"",10467902.9486756"
"16,133,2,""Alg1"",8233888.71445146"
"16,133,2,""Alg2"",11040676.7228886"
"16,148,3,""Alg1"",8605652.23553987"
"16,148,3,""Alg2"",12051720.2863761"
"16,102,4,""Alg1"",5139284.22965225"
"16,102,4,""Alg2"",7045989.64673078"
"16,102,5,""Alg1"",4498715.327181"
"16,102,5,""Alg2"",6460879.9258715"
"16,102,6,""Alg1"",3736531.4551375"
"16,102,6,""Alg2"",7827655.05158383"
"16,102,7,""Alg1"",4528865.8385007"
"16,102,7,""Alg2"",8053856.03259427"
"16,102,8,""Alg1"",4862314.65829194"
"16,102,8,""Alg2"",7404050.60576184"
"16,133,9,""Alg1"",7591464.1256196"
"16,133,9,""Alg2"",8802610.4552527"
"16,148,10,""Alg1"",8834012.09507114"
"16,148,10,""Alg2"",11674009.503699"
"16,148,11,""Alg1"",8764472.53700413"
"16,148,11,""Alg2"",10460110.1280319"
"16,133,12,""Alg1"",7501841.59125995"
"16,133,12,""Alg2"",10112841.5860995"
"16,102,13,""Alg1"",4924697.15691486"
"16,102,13,""Alg2"",7616282.58340411"
"16,148,14,""Alg1"",8919097.85586127"
"16,148,14,""Alg2"",11176584.9445047"
"16,148,15,""Alg1"",8802203.48053922"
"16,148,15,""Alg2"",12897541.8339783"
"16,133,16,""Alg1"",7829733.55613421"
"16,133,16,""Alg2"",9343431.32729871"
"16,148,17,""Alg1"",8298151.60678267"
"16,148,17,""Alg2"",11943563.8364905"
"16,133,18,""Alg1"",7015094.51202211"
"16,133,18,""Alg2"",9102010.74661558"
"16,148,19,""Alg1"",9829380.18155988"
"16,148,19,""Alg2"",10917845.6095433"
"16,102,20,""Alg1"",4315025.74062406"
"16,102,20,""Alg2"",7364790.01877175"
"16,102,21,""Alg1"",3742263.19570685"
"16,102,21,""Alg2"",6869277.97710438"
"16,148,22,""Alg1"",8426751.38744567"
"16,148,22,""Alg2"",10867868.9312204"
"16,133,23,""Alg1"",6745874.02085695"
"16,133,23,""Alg2"",9290850.8581357"
"16,148,24,""Alg1"",10156089.8087672"
"16,148,24,""Alg2"",11770791.5688112"
"16,133,25,""Alg1"",7796486.9322425"
"16,133,25,""Alg2"",8894720.07486868"
"16,148,26,""Alg1"",9680254.54828969"
"16,148,26,""Alg2"",11561794.4644453"
"16,133,27,""Alg1"",6758808.61563767"
"16,133,27,""Alg2"",9356489.0298571"
"16,148,28,""Alg1"",8537057.51039575"
"16,148,28,""Alg2"",11088634.3240181"
"16,133,29,""Alg1"",4819297.08448968"
"16,133,29,""Alg2"",10053024.1422554"
"16,133,30,""Alg1"",7919283.68562505"
"16,133,30,""Alg2"",9151276.18810107"
"17,57,1,""Alg1"",1159799.9224081"
"17,57,1,""Alg2"",1988021.89156502"
"17,100,2,""Alg1"",5249551.30277508"
"17,100,2,""Alg2"",7171543.77579387"
"17,57,3,""Alg1"",1026998.92738412"
"17,57,3,""Alg2"",2334548.57474704"
"17,100,4,""Alg1"",3879877.00955847"
"17,100,4,""Alg2"",6807597.99761029"
"17,61,5,""Alg1"",1648267.91602147"
"17,61,5,""Alg2"",3055341.25810651"
"17,100,6,""Alg1"",3873347.68654681"
"17,100,6,""Alg2"",6593416.8716912"
"17,57,7,""Alg1"",902931.318457207"
"17,57,7,""Alg2"",3355856.07820754"
"17,57,8,""Alg1"",1388145.7420411"
"17,57,8,""Alg2"",2365668.75059639"
"17,57,9,""Alg1"",843381.326440011"
"17,57,9,""Alg2"",2250354.84863026"
"17,57,10,""Alg1"",961751.958558971"
"17,57,10,""Alg2"",2196671.19553231"
"17,57,11,""Alg1"",1414005.12362905"
"17,57,11,""Alg2"",2765272.57422613"
"17,100,12,""Alg1"",3967432.00261077"
"17,100,12,""Alg2"",7212144.42887256"
"17,61,13,""Alg1"",1423338.83692469"
"17,61,13,""Alg2"",2497731.75198151"
"17,100,14,""Alg1"",3952901.24217979"
"17,100,14,""Alg2"",7401457.61347994"
"17,100,15,""Alg1"",5002632.5828715"
"17,100,15,""Alg2"",7441757.06320312"
"17,57,16,""Alg1"",1031387.4838999"
"17,57,16,""Alg2"",2494809.91662421"
"17,61,17,""Alg1"",1161550.03409257"
"17,61,17,""Alg2"",3381772.62095003"
"17,100,18,""Alg1"",4341426.2122651"
"17,100,18,""Alg2"",5791534.93629382"
"17,61,19,""Alg1"",1008226.94488263"
"17,61,19,""Alg2"",2732860.35417382"
"17,100,20,""Alg1"",4720736.59151992"
"17,100,20,""Alg2"",6960288.28726253"
"17,100,21,""Alg1"",4620231.4882278"
"17,100,21,""Alg2"",6555358.06115897"
"17,61,22,""Alg1"",1671904.87836366"
"17,61,22,""Alg2"",3048454.05992304"
"17,61,23,""Alg1"",1557742.39025826"
"17,61,23,""Alg2"",2738726.18348002"
"17,61,24,""Alg1"",1696244.52142246"
"17,61,24,""Alg2"",3977920.72732274"
"17,61,25,""Alg1"",1664612.86090565"
"17,61,25,""Alg2"",2625808.34439158"
"17,61,26,""Alg1"",1246665.12801838"
"17,61,26,""Alg2"",3270503.67928576"
"17,61,27,""Alg1"",1243588.17147715"
"17,61,27,""Alg2"",3719578.73439954"
"17,61,28,""Alg1"",1292075.89295176"
"17,61,28,""Alg2"",3577240.16978008"
"17,57,29,""Alg1"",1418492.90179242"
"17,57,29,""Alg2"",1938637.09688108"
"17,100,30,""Alg1"",4343743.35660477"
"17,100,30,""Alg2"",5457330.51299581"
"18,3,1,""Alg1"",2.1033041998335e-05"
"18,3,1,""Alg2"",1.1798127019585"
"18,121,2,""Alg1"",5698868.32758579"
"18,121,2,""Alg2"",8438872.17220771"
"18,121,3,""Alg1"",5960053.68989185"
"18,121,3,""Alg2"",7873612.45339855"
"18,121,4,""Alg1"",4866922.27713218"
"18,121,4,""Alg2"",8510539.94020499"
"18,126,5,""Alg1"",7280859.48901162"
"18,126,5,""Alg2"",9482007.11118159"
"18,3,6,""Alg1"",0.221481224139388"
"18,3,6,""Alg2"",0.656542207482799"
"18,3,7,""Alg1"",0.000981007830075531"
"18,3,7,""Alg2"",0.0764221021213682"
"18,3,8,""Alg1"",1.75736057172748e-05"
"18,3,8,""Alg2"",0.266331143604209"
"18,3,9,""Alg1"",0.0021476856519956"
"18,3,9,""Alg2"",0.719066205891852"
"18,121,10,""Alg1"",6377537.86136662"
"18,121,10,""Alg2"",8366779.20254691"
"18,126,11,""Alg1"",5629014.42817337"
"18,126,11,""Alg2"",10077426.464863"
"18,126,12,""Alg1"",7133981.46833081"
"18,126,12,""Alg2"",10204320.3825884"
"18,126,13,""Alg1"",6953030.34833818"
"18,126,13,""Alg2"",9123483.38362499"
"18,121,14,""Alg1"",6181701.90055404"
"18,121,14,""Alg2"",8645625.1367421"
"18,121,15,""Alg1"",6214146.50219108"
"18,121,15,""Alg2"",8450119.39255324"
"18,3,16,""Alg1"",0.159107652574566"
"18,3,16,""Alg2"",1.66741413177882"
"18,126,17,""Alg1"",6358754.30043153"
"18,126,17,""Alg2"",9227480.25060527"
"18,121,18,""Alg1"",6896886.13785475"
"18,121,18,""Alg2"",9527446.07452165"
"18,121,19,""Alg1"",6928993.36510701"
"18,121,19,""Alg2"",8584028.40214941"
"18,3,20,""Alg1"",0.171012545895876"
"18,3,20,""Alg2"",1.67865065358617"
"18,3,21,""Alg1"",0.0180507152335689"
"18,3,21,""Alg2"",0.19315788019008"
"18,3,22,""Alg1"",0.000533925736816741"
"18,3,22,""Alg2"",0.200390228893162"
"18,121,23,""Alg1"",6148319.33457405"
"18,121,23,""Alg2"",8869481.24620665"
"18,3,24,""Alg1"",0.000579928048482652"
"18,3,24,""Alg2"",0.298850061131877"
"18,3,25,""Alg1"",0.00215183729866522"
"18,3,25,""Alg2"",1.00553810390781"
"18,3,26,""Alg1"",0.000540139479686135"
"18,3,26,""Alg2"",0.731521410100479"
"18,126,27,""Alg1"",7711167.72432816"
"18,126,27,""Alg2"",10644078.5265129"
"18,121,28,""Alg1"",6401065.44531052"
"18,121,28,""Alg2"",8783816.47139416"
"18,3,29,""Alg1"",0.00898448471172959"
"18,3,29,""Alg2"",1.38097535914914"
"18,126,30,""Alg1"",6709689.95903735"
"18,126,30,""Alg2"",9752220.51918039"
"19,147,1,""Alg1"",9749690.06431901"
"19,147,1,""Alg2"",10754291.7105965"
"19,147,2,""Alg1"",9271447.69830326"
"19,147,2,""Alg2"",10335680.6150633"
"19,6,3,""Alg1"",5.69909237443836"
"19,6,3,""Alg2"",58.4491621803218"
"19,147,4,""Alg1"",8418884.1088039"
"19,147,4,""Alg2"",11924687.3894336"
"19,6,5,""Alg1"",1.45870400166303"
"19,6,5,""Alg2"",106.905535086708"
"19,6,6,""Alg1"",5.9596250118518"
"19,6,6,""Alg2"",143.574876846859"
"19,147,7,""Alg1"",8745231.15135534"
"19,147,7,""Alg2"",11226167.4564689"
"19,67,8,""Alg1"",1494322.15850161"
"19,67,8,""Alg2"",3777781.94562429"
"19,147,9,""Alg1"",9478020.85300001"
"19,147,9,""Alg2"",12246322.6009564"
"19,147,10,""Alg1"",9156260.43104501"
"19,147,10,""Alg2"",11920382.4894576"
"19,67,11,""Alg1"",1654906.28433813"
"19,67,11,""Alg2"",4059536.02988584"
"19,147,12,""Alg1"",9640045.35553568"
"19,147,12,""Alg2"",11607674.1552432"
"19,147,13,""Alg1"",8478043.07574954"
"19,147,13,""Alg2"",12083187.9362851"
"19,147,14,""Alg1"",7887526.88963749"
"19,147,14,""Alg2"",11223736.8598006"
"19,67,15,""Alg1"",1704761.44291875"
"19,67,15,""Alg2"",4249970.27977316"
"19,67,16,""Alg1"",1709406.28228961"
"19,67,16,""Alg2"",4469097.97597343"
"19,6,17,""Alg1"",0.273400152514222"
"19,6,17,""Alg2"",155.944976756933"
"19,147,18,""Alg1"",8618371.30649217"
"19,147,18,""Alg2"",12375974.503485"
"19,147,19,""Alg1"",9279455.63641458"
"19,147,19,""Alg2"",10470892.2838996"
"19,147,20,""Alg1"",10144261.7263677"
"19,147,20,""Alg2"",12015835.1523335"
"19,6,21,""Alg1"",14.9076214808802"
"19,6,21,""Alg2"",109.535729275893"
"19,147,22,""Alg1"",9241165.00799834"
"19,147,22,""Alg2"",10607350.3353717"
"19,6,23,""Alg1"",8.23750418986934"
"19,6,23,""Alg2"",133.908109327108"
"19,67,24,""Alg1"",1595392.12467752"
"19,67,24,""Alg2"",4175785.14333415"
"19,147,25,""Alg1"",8214201.4079863"
"19,147,25,""Alg2"",11617587.5602769"
"19,147,26,""Alg1"",8350262.85148398"
"19,147,26,""Alg2"",11081394.2828156"
"19,6,27,""Alg1"",4.18330294873229"
"19,6,27,""Alg2"",221.423824370307"
"19,67,28,""Alg1"",1500517.28232324"
"19,67,28,""Alg2"",3834246.27223599"
"19,67,29,""Alg1"",2202688.15177955"
"19,67,29,""Alg2"",3853595.08618016"
"19,147,30,""Alg1"",9389039.62092691"
"19,147,30,""Alg2"",12028404.6841288"
"20,76,1,""Alg1"",2675575.86815916"
"20,76,1,""Alg2"",4786546.63847211"
"20,83,2,""Alg1"",3221713.08708391"
"20,83,2,""Alg2"",5552073.21600345"
"20,110,3,""Alg1"",5687237.65751781"
"20,110,3,""Alg2"",8211124.25865879"
"20,110,4,""Alg1"",4553887.84283618"
"20,110,4,""Alg2"",8260825.01335053"
"20,83,5,""Alg1"",3599449.51907803"
"20,83,5,""Alg2"",5051242.84826201"
"20,83,6,""Alg1"",2885406.24944043"
"20,83,6,""Alg2"",5009072.57285134"
"20,110,7,""Alg1"",5069151.90796714"
"20,110,7,""Alg2"",6448853.53649617"
"20,83,8,""Alg1"",3214617.49670014"
"20,83,8,""Alg2"",3596021.42161037"
"20,110,9,""Alg1"",5977129.85382182"
"20,110,9,""Alg2"",7701443.52412961"
"20,110,10,""Alg1"",5554228.56155288"
"20,110,10,""Alg2"",8723713.94726155"
"20,83,11,""Alg1"",2795538.12191693"
"20,83,11,""Alg2"",5780589.6596941"
"20,110,12,""Alg1"",5802730.40962924"
"20,110,12,""Alg2"",7209280.48656236"
"20,76,13,""Alg1"",2681150.30850378"
"20,76,13,""Alg2"",5486622.68403317"
"20,83,14,""Alg1"",2481484.41319191"
"20,83,14,""Alg2"",5867591.86276549"
"20,83,15,""Alg1"",2835445.32460846"
"20,83,15,""Alg2"",6223270.89669236"
"20,110,16,""Alg1"",5429945.55609907"
"20,110,16,""Alg2"",7954026.93990949"
"20,76,17,""Alg1"",1600006.74395542"
"20,76,17,""Alg2"",5729904.38852495"
"20,76,18,""Alg1"",2086492.96066566"
"20,76,18,""Alg2"",5419651.44294123"
"20,83,19,""Alg1"",2824781.98454769"
"20,83,19,""Alg2"",4883302.97694285"
"20,83,20,""Alg1"",3122690.04046138"
"20,83,20,""Alg2"",5879810.96726774"
"20,76,21,""Alg1"",2684869.76175738"
"20,76,21,""Alg2"",4917612.9955789"
"20,83,22,""Alg1"",2899012.06372506"
"20,83,22,""Alg2"",5393993.34456185"
"20,110,23,""Alg1"",4575015.88993368"
"20,110,23,""Alg2"",7800101.47352055"
"20,110,24,""Alg1"",6076147.19751517"
"20,110,24,""Alg2"",7814088.28123317"
"20,83,25,""Alg1"",2406033.86028559"
"20,83,25,""Alg2"",5526739.23860122"
"20,83,26,""Alg1"",3082994.31701815"
"20,83,26,""Alg2"",5053161.22532046"
"20,76,27,""Alg1"",2440171.69126253"
"20,76,27,""Alg2"",5202854.10412281"
"20,110,28,""Alg1"",4776747.55471142"
"20,110,28,""Alg2"",7477705.98708059"
"20,76,29,""Alg1"",2621193.00068523"
"20,76,29,""Alg2"",5195958.73419491"
"20,110,30,""Alg1"",5652465.91702979"
"20,110,30,""Alg2"",7473215.23938421"
"21,35,1,""Alg1"",114635.086815815"
"21,35,1,""Alg2"",903052.727401066"
"21,46,2,""Alg1"",611954.907367977"
"21,46,2,""Alg2"",1426274.22141821"
"21,46,3,""Alg1"",707433.400769065"
"21,46,3,""Alg2"",1446034.32187305"
"21,46,4,""Alg1"",599189.328611208"
"21,46,4,""Alg2"",1317054.08710967"
"21,46,5,""Alg1"",772301.124600813"
"21,46,5,""Alg2"",1472216.97311764"
"21,46,6,""Alg1"",669918.203932417"
"21,46,6,""Alg2"",1330356.03305776"
"21,35,7,""Alg1"",293747.176536424"
"21,35,7,""Alg2"",720424.042006636"
"21,46,8,""Alg1"",741611.366196692"
"21,46,8,""Alg2"",1495716.95878669"
"21,92,9,""Alg1"",4247249.88438733"
"21,92,9,""Alg2"",5739966.28923142"
"21,92,10,""Alg1"",3081052.97691307"
"21,92,10,""Alg2"",6953060.43271863"
"21,46,11,""Alg1"",637998.45199056"
"21,46,11,""Alg2"",1532612.07473371"
"21,92,12,""Alg1"",3784236.15958413"
"21,92,12,""Alg2"",6167721.66222649"
"21,35,13,""Alg1"",363798.237320369"
"21,35,13,""Alg2"",936529.133838743"
"21,92,14,""Alg1"",3567824.622675"
"21,92,14,""Alg2"",6649147.01700471"
"21,92,15,""Alg1"",3867707.76505913"
"21,92,15,""Alg2"",6663576.02219299"
"21,35,16,""Alg1"",186542.329556336"
"21,35,16,""Alg2"",946983.696508883"
"21,92,17,""Alg1"",3302870.63264316"
"21,92,17,""Alg2"",6620215.826923"
"21,46,18,""Alg1"",643145.778286526"
"21,46,18,""Alg2"",1376124.33163305"
"21,46,19,""Alg1"",685800.964406537"
"21,46,19,""Alg2"",1399035.19889653"
"21,35,20,""Alg1"",330084.72654669"
"21,35,20,""Alg2"",831562.37311419"
"21,92,21,""Alg1"",3094428.82838472"
"21,92,21,""Alg2"",6391245.38941891"
"21,46,22,""Alg1"",641045.889531181"
"21,46,22,""Alg2"",1530370.42028523"
"21,46,23,""Alg1"",773226.415986859"
"21,46,23,""Alg2"",898553.727662241"
"21,46,24,""Alg1"",432418.508905939"
"21,46,24,""Alg2"",1412579.94424624"
"21,46,25,""Alg1"",825710.77603229"
"21,46,25,""Alg2"",1393422.04544893"
"21,92,26,""Alg1"",3983090.74171327"
"21,92,26,""Alg2"",5584720.6165066"
"21,35,27,""Alg1"",146527.347398535"
"21,35,27,""Alg2"",864261.509751471"
"21,46,28,""Alg1"",763656.222921551"
"21,46,28,""Alg2"",956808.501409886"
"21,92,29,""Alg1"",3471856.19709308"
"21,92,29,""Alg2"",6385387.75411901"
"21,35,30,""Alg1"",212513.634228597"
"21,35,30,""Alg2"",813834.727353595"
"22,91,1,""Alg1"",3633967.84227257"
"22,91,1,""Alg2"",5773408.08811981"
"22,91,2,""Alg1"",2700634.79633358"
"22,91,2,""Alg2"",6365733.36613053"
"22,131,3,""Alg1"",7797141.95414983"
"22,131,3,""Alg2"",9841003.13161751"
"22,131,4,""Alg1"",6714455.43508864"
"22,131,4,""Alg2"",10193014.9508547"
"22,131,5,""Alg1"",6883483.54998181"
"22,131,5,""Alg2"",10951020.5910424"
"22,131,6,""Alg1"",6396953.13884271"
"22,131,6,""Alg2"",10121384.5219424"
"22,91,7,""Alg1"",4406175.21585266"
"22,91,7,""Alg2"",6627074.19218718"
"22,91,8,""Alg1"",4154685.96443399"
"22,91,8,""Alg2"",6665117.99662886"
"22,91,9,""Alg1"",3600072.65984616"
"22,91,9,""Alg2"",6846583.23384849"
"22,131,10,""Alg1"",6959050.48562566"
"22,131,10,""Alg2"",10727402.4261483"
"22,91,11,""Alg1"",2709645.69453586"
"22,91,11,""Alg2"",6717156.61092777"
"22,131,12,""Alg1"",8058106.7178695"
"22,131,12,""Alg2"",11426822.6682797"
"22,131,13,""Alg1"",5984587.97243819"
"22,131,13,""Alg2"",10178696.6109707"
"22,91,14,""Alg1"",3872357.87308702"
"22,91,14,""Alg2"",5306677.40409117"
"22,131,15,""Alg1"",7478880.14319113"
"22,131,15,""Alg2"",9724663.89859169"
"22,91,16,""Alg1"",3713899.30028418"
"22,91,16,""Alg2"",6421108.69013411"
"22,91,17,""Alg1"",3664400.35281722"
"22,91,17,""Alg2"",6442645.83141879"
"22,131,18,""Alg1"",7077380.72196032"
"22,131,18,""Alg2"",8971196.64385698"
"22,131,19,""Alg1"",8038110.16205431"
"22,131,19,""Alg2"",10748570.254864"
"22,131,20,""Alg1"",7354135.17649997"
"22,131,20,""Alg2"",9175230.12277303"
"22,91,21,""Alg1"",3830613.88530062"
"22,91,21,""Alg2"",6682160.49106792"
"22,91,22,""Alg1"",3445382.6688512"
"22,91,22,""Alg2"",5947309.71692869"
"22,131,23,""Alg1"",7413416.61852977"
"22,131,23,""Alg2"",10106729.4062244"
"22,91,24,""Alg1"",3585587.33160113"
"22,91,24,""Alg2"",4621361.61257788"
"22,91,25,""Alg1"",4036859.39882447"
"22,91,25,""Alg2"",6303359.85631216"
"22,91,26,""Alg1"",3366570.53871045"
"22,91,26,""Alg2"",5180770.75757056"
"22,91,27,""Alg1"",4065511.87995784"
"22,91,27,""Alg2"",5187756.00346466"
"22,131,28,""Alg1"",7719503.72260053"
"22,131,28,""Alg2"",10020906.9589696"
"22,91,29,""Alg1"",4431484.46306369"
"22,91,29,""Alg2"",5382666.64626052"
"22,131,30,""Alg1"",7487453.05637289"
"22,131,30,""Alg2"",10066341.1522413"
"23,87,1,""Alg1"",3321172.93467089"
"23,87,1,""Alg2"",5873658.85906825"
"23,23,2,""Alg1"",35655.122630519"
"23,23,2,""Alg2"",283758.853445287"
"23,23,3,""Alg1"",27649.2091013241"
"23,23,3,""Alg2"",384329.738602186"
"23,87,4,""Alg1"",3407308.38023454"
"23,87,4,""Alg2"",6501561.29475692"
"23,23,5,""Alg1"",77818.4607307119"
"23,23,5,""Alg2"",258201.882285165"
"23,23,6,""Alg1"",50590.0583607474"
"23,23,6,""Alg2"",392941.49146472"
"23,23,7,""Alg1"",38696.6961170587"
"23,23,7,""Alg2"",386000.640432155"
"23,87,8,""Alg1"",3182603.04129982"
"23,87,8,""Alg2"",6660999.55847915"
"23,23,9,""Alg1"",23266.2210426562"
"23,23,9,""Alg2"",280326.87079336"
"23,87,10,""Alg1"",1601212.98874201"
"23,87,10,""Alg2"",5449264.68929868"
"23,23,11,""Alg1"",61678.6205102899"
"23,23,11,""Alg2"",379781.727350539"
"23,23,12,""Alg1"",34592.4301770932"
"23,23,12,""Alg2"",375712.846793826"
"23,87,13,""Alg1"",3814021.62398936"
"23,87,13,""Alg2"",6077021.55385572"
"23,23,14,""Alg1"",58444.4134097178"
"23,23,14,""Alg2"",334979.342576321"
"23,23,15,""Alg1"",59771.2067493801"
"23,23,15,""Alg2"",321470.715350931"
"23,23,16,""Alg1"",18365.0711049099"
"23,23,16,""Alg2"",456346.332416842"
"23,23,17,""Alg1"",44524.1892024815"
"23,23,17,""Alg2"",285543.52167331"
"23,87,18,""Alg1"",2966196.55533266"
"23,87,18,""Alg2"",6185944.18797174"
"23,87,19,""Alg1"",3147555.34808561"
"23,87,19,""Alg2"",5273916.77516723"
"23,87,20,""Alg1"",2803992.34878344"
"23,87,20,""Alg2"",5025962.35450642"
"23,87,21,""Alg1"",3042699.96421387"
"23,87,21,""Alg2"",4958940.02351476"
"23,23,22,""Alg1"",25399.6916231896"
"23,23,22,""Alg2"",453846.941518839"
"23,23,23,""Alg1"",47598.4861023493"
"23,23,23,""Alg2"",512414.115304304"
"23,23,24,""Alg1"",70724.0916093309"
"23,23,24,""Alg2"",331639.137952963"
"23,23,25,""Alg1"",23400.3868121315"
"23,23,25,""Alg2"",393371.873031364"
"23,23,26,""Alg1"",7394.92539346322"
"23,23,26,""Alg2"",388309.641802656"
"23,87,27,""Alg1"",3154595.61063542"
"23,87,27,""Alg2"",5591607.2636878"
"23,87,28,""Alg1"",3575693.23861915"
"23,87,28,""Alg2"",5984977.50930924"
"23,23,29,""Alg1"",36338.2515746091"
"23,23,29,""Alg2"",437298.534808543"
"23,23,30,""Alg1"",44938.8896187934"
"23,23,30,""Alg2"",313825.768200432"
"24,10,1,""Alg1"",211.092511611138"
"24,10,1,""Alg2"",19339.6834786081"
"24,59,2,""Alg1"",1668252.5080227"
"24,59,2,""Alg2"",3485589.34656317"
"24,10,3,""Alg1"",138.145070796483"
"24,10,3,""Alg2"",15030.569079588"
"24,59,4,""Alg1"",1133034.62386068"
"24,59,4,""Alg2"",2822825.18559965"
"24,59,5,""Alg1"",1166285.79615529"
"24,59,5,""Alg2"",3133857.0907784"
"24,10,6,""Alg1"",108.495965016306"
"24,10,6,""Alg2"",11769.1529418716"
"24,59,7,""Alg1"",1480155.16523231"
"24,59,7,""Alg2"",2587233.28538558"
"24,59,8,""Alg1"",1497285.13245398"
"24,59,8,""Alg2"",2419905.18922181"
"24,59,9,""Alg1"",1148766.90539584"
"24,59,9,""Alg2"",3757449.07867148"
"24,59,10,""Alg1"",1064945.91846027"
"24,59,10,""Alg2"",2451478.51836852"
"24,10,11,""Alg1"",103.134091495857"
"24,10,11,""Alg2"",10717.2720962041"
"24,59,12,""Alg1"",1128984.86659857"
"24,59,12,""Alg2"",2096362.80235117"
"24,10,13,""Alg1"",65.4125746677628"
"24,10,13,""Alg2"",27107.5042169418"
"24,59,14,""Alg1"",1206968.08652417"
"24,59,14,""Alg2"",2323710.57128437"
"24,10,15,""Alg1"",209.46557884635"
"24,10,15,""Alg2"",12937.2423786038"
"24,10,16,""Alg1"",160.219003930068"
"24,10,16,""Alg2"",12719.0834715109"
"24,59,17,""Alg1"",1338463.16498186"
"24,59,17,""Alg2"",2589532.18416273"
"24,10,18,""Alg1"",298.793030369647"
"24,10,18,""Alg2"",11126.7476052982"
"24,59,19,""Alg1"",927247.275377077"
"24,59,19,""Alg2"",2327953.81029494"
"24,59,20,""Alg1"",1430469.19722032"
"24,59,20,""Alg2"",2286841.20332687"
"24,10,21,""Alg1"",315.032844046097"
"24,10,21,""Alg2"",8000.22790824294"
"24,59,22,""Alg1"",1054011.89217809"
"24,59,22,""Alg2"",2736888.16794406"
"24,59,23,""Alg1"",1140222.30402659"
"24,59,23,""Alg2"",1983249.717748"
"24,10,24,""Alg1"",314.859031824512"
"24,10,24,""Alg2"",10051.3992669394"
"24,59,25,""Alg1"",1107566.31144564"
"24,59,25,""Alg2"",2397064.04550279"
"24,10,26,""Alg1"",369.289070378359"
"24,10,26,""Alg2"",10711.1360060287"
"24,10,27,""Alg1"",128.205610619264"
"24,10,27,""Alg2"",10717.8620781497"
"24,10,28,""Alg1"",120.786730847399"
"24,10,28,""Alg2"",10473.338675352"
"24,10,29,""Alg1"",146.457589594204"
"24,10,29,""Alg2"",28627.0137078092"
"24,10,30,""Alg1"",143.445517505888"
"24,10,30,""Alg2"",6951.81059768394"
"25,85,1,""Alg1"",3419868.81552791"
"25,85,1,""Alg2"",5996550.28071464"
"25,85,2,""Alg1"",2857737.71307185"
"25,85,2,""Alg2"",5582513.63972686"
"25,47,3,""Alg1"",525954.779347833"
"25,47,3,""Alg2"",1405638.22075205"
"25,47,4,""Alg1"",620487.169506104"
"25,47,4,""Alg2"",1551727.56854895"
"25,47,5,""Alg1"",732072.654107771"
"25,47,5,""Alg2"",1397872.48792963"
"25,47,6,""Alg1"",514719.999077294"
"25,47,6,""Alg2"",1410592.1695843"
"25,47,7,""Alg1"",665039.162429644"
"25,47,7,""Alg2"",1429139.44942815"
"25,47,8,""Alg1"",892992.34625965"
"25,47,8,""Alg2"",1534699.99998696"
"25,47,9,""Alg1"",528311.745564027"
"25,47,9,""Alg2"",1512823.4166762"
"25,47,10,""Alg1"",762777.26372224"
"25,47,10,""Alg2"",1454253.51803649"
"25,47,11,""Alg1"",720876.97565543"
"25,47,11,""Alg2"",1576568.48397037"
"25,85,12,""Alg1"",2817621.43151336"
"25,85,12,""Alg2"",5836921.66270411"
"25,47,13,""Alg1"",823039.94344874"
"25,47,13,""Alg2"",1696255.73620347"
"25,47,14,""Alg1"",324064.229125928"
"25,47,14,""Alg2"",1526596.46337511"
"25,85,15,""Alg1"",2695855.84730012"
"25,85,15,""Alg2"",5371702.21083947"
"25,47,16,""Alg1"",793385.800900053"
"25,47,16,""Alg2"",1432860.86465448"
"25,85,17,""Alg1"",3202648.1948898"
"25,85,17,""Alg2"",5417773.94171943"
"25,47,18,""Alg1"",351975.69159821"
"25,47,18,""Alg2"",1461001.21700035"
"25,85,19,""Alg1"",2854983.12388978"
"25,85,19,""Alg2"",5848906.31002138"
"25,47,20,""Alg1"",683675.061512108"
"25,47,20,""Alg2"",1661905.68227568"
"25,85,21,""Alg1"",3273332.02163581"
"25,85,21,""Alg2"",4744668.50744168"
"25,85,22,""Alg1"",3099938.56591347"
"25,85,22,""Alg2"",5774157.0254708"
"25,47,23,""Alg1"",406823.025357711"
"25,47,23,""Alg2"",1338698.63789785"
"25,85,24,""Alg1"",2552492.54491284"
"25,85,24,""Alg2"",5360570.39664813"
"25,47,25,""Alg1"",734394.489744967"
"25,47,25,""Alg2"",1634920.50667136"
"25,47,26,""Alg1"",590353.497981245"
"25,47,26,""Alg2"",1593434.84565421"
"25,47,27,""Alg1"",544901.757484564"
"25,47,27,""Alg2"",1492492.74948389"
"25,47,28,""Alg1"",529084.461740786"
"25,47,28,""Alg2"",1490117.05944672"
"25,85,29,""Alg1"",2392828.00797759"
"25,85,29,""Alg2"",5130616.4929777"
"25,85,30,""Alg1"",2776771.67493536"
"25,85,30,""Alg2"",5216952.42009208"
"26,141,1,""Alg1"",8561012.14981062"
"26,141,1,""Alg2"",10836727.4234779"
"26,141,2,""Alg1"",8005326.79850677"
"26,141,2,""Alg2"",11113714.315088"
"26,141,3,""Alg1"",9447797.77124376"
"26,141,3,""Alg2"",10303454.0658454"
"26,141,4,""Alg1"",9082081.13404424"
"26,141,4,""Alg2"",11250151.3902126"
"26,119,5,""Alg1"",6915468.78179118"
"26,119,5,""Alg2"",8969062.56319523"
"26,141,6,""Alg1"",8185560.41310676"
"26,141,6,""Alg2"",10423089.1477882"
"26,141,7,""Alg1"",8564927.88657695"
"26,141,7,""Alg2"",10850971.1796489"
"26,119,8,""Alg1"",6430790.63938987"
"26,119,8,""Alg2"",8511884.28168451"
"26,141,9,""Alg1"",7792490.30577428"
"26,141,9,""Alg2"",11569504.6790009"
"26,119,10,""Alg1"",6473619.88943654"
"26,119,10,""Alg2"",8972168.70726791"
"26,119,11,""Alg1"",6514733.48878684"
"26,119,11,""Alg2"",9250331.50195137"
"26,141,12,""Alg1"",8315457.00114732"
"26,141,12,""Alg2"",10659688.8807159"
"26,119,13,""Alg1"",5862436.21813824"
"26,119,13,""Alg2"",7451084.59296778"
"26,141,14,""Alg1"",8272765.0403093"
"26,141,14,""Alg2"",11581102.1425262"
"26,119,15,""Alg1"",6715133.86452049"
"26,119,15,""Alg2"",9110057.52488778"
"26,119,16,""Alg1"",6998640.42321648"
"26,119,16,""Alg2"",8079102.18456101"
"26,141,17,""Alg1"",9069268.51951056"
"26,141,17,""Alg2"",11036909.1833556"
"26,141,18,""Alg1"",7469316.91415672"
"26,141,18,""Alg2"",10432258.5156614"
"26,119,19,""Alg1"",6558906.60471447"
"26,119,19,""Alg2"",8740047.84169794"
"26,119,20,""Alg1"",6105548.39390938"
"26,119,20,""Alg2"",8909525.59031617"
"26,141,21,""Alg1"",6813546.49818441"
"26,141,21,""Alg2"",11064613.4900325"
"26,141,22,""Alg1"",8349991.26463546"
"26,141,22,""Alg2"",10064252.3528175"
"26,119,23,""Alg1"",7226594.04598306"
"26,119,23,""Alg2"",7578838.60638778"
"26,141,24,""Alg1"",8584251.1690209"
"26,141,24,""Alg2"",10131747.5643844"
"26,119,25,""Alg1"",5807292.70726363"
"26,119,25,""Alg2"",9142811.99801894"
"26,119,26,""Alg1"",5714030.31043089"
"26,119,26,""Alg2"",8788052.46974147"
"26,119,27,""Alg1"",6770113.79506963"
"26,119,27,""Alg2"",8554199.7403518"
"26,119,28,""Alg1"",6785829.6114592"
"26,119,28,""Alg2"",9646742.82987916"
"26,141,29,""Alg1"",8153112.7566526"
"26,141,29,""Alg2"",9746447.59572122"
"26,119,30,""Alg1"",6471686.25139943"
"26,119,30,""Alg2"",8947778.07814673"
"27,86,1,""Alg1"",3055683.24833927"
"27,86,1,""Alg2"",5712687.46577674"
"27,86,2,""Alg1"",3396688.32456765"
"27,86,2,""Alg2"",5432159.56861131"
"27,86,3,""Alg1"",3273426.4979634"
"27,86,3,""Alg2"",5682452.50505773"
"27,86,4,""Alg1"",3374619.83573953"
"27,86,4,""Alg2"",5915893.53661333"
"27,86,5,""Alg1"",3890637.48585638"
"27,86,5,""Alg2"",5248482.77655247"
"27,86,6,""Alg1"",3289600.40529129"
"27,86,6,""Alg2"",5410871.7491243"
"27,86,7,""Alg1"",3538080.888195"
"27,86,7,""Alg2"",6399898.49924954"
"27,9,8,""Alg1"",81.9554604101352"
"27,9,8,""Alg2"",4398.01024012539"
"27,86,9,""Alg1"",3250227.74218594"
"27,86,9,""Alg2"",5624699.44409944"
"27,86,10,""Alg1"",3816404.22897284"
"27,86,10,""Alg2"",6006290.4986988"
"27,9,11,""Alg1"",104.152930233538"
"27,9,11,""Alg2"",7295.8742431294"
"27,9,12,""Alg1"",118.088538810662"
"27,9,12,""Alg2"",2752.35343071845"
"27,86,13,""Alg1"",2531900.08996323"
"27,86,13,""Alg2"",6104221.683331"
"27,86,14,""Alg1"",3856780.00123887"
"27,86,14,""Alg2"",5521042.66501151"
"27,9,15,""Alg1"",142.019203119246"
"27,9,15,""Alg2"",4802.27731871495"
"27,9,16,""Alg1"",61.4761467414944"
"27,9,16,""Alg2"",6908.70420230919"
"27,86,17,""Alg1"",3575407.41660371"
"27,86,17,""Alg2"",5576694.79283185"
"27,86,18,""Alg1"",2596777.47680295"
"27,86,18,""Alg2"",4271492.82190187"
"27,9,19,""Alg1"",45.4740988295568"
"27,9,19,""Alg2"",3145.28072488141"
"27,9,20,""Alg1"",146.151197118282"
"27,9,20,""Alg2"",1706.83218487876"
"27,9,21,""Alg1"",139.037581321717"
"27,9,21,""Alg2"",1153.32156566476"
"27,86,22,""Alg1"",3014790.04282045"
"27,86,22,""Alg2"",5885891.6036048"
"27,86,23,""Alg1"",3423003.55820241"
"27,86,23,""Alg2"",5218206.96964912"
"27,9,24,""Alg1"",63.3980536484078"
"27,9,24,""Alg2"",8717.71011146253"
"27,9,25,""Alg1"",187.050479112612"
"27,9,25,""Alg2"",1712.15375004963"
"27,86,26,""Alg1"",3903894.30955681"
"27,86,26,""Alg2"",4929259.3939836"
"27,86,27,""Alg1"",2951729.35463789"
"27,86,27,""Alg2"",5736165.81104486"
"27,9,28,""Alg1"",32.2546378164075"
"27,9,28,""Alg2"",3290.82827010618"
"27,86,29,""Alg1"",2758498.24638027"
"27,86,29,""Alg2"",5157759.56958285"
"27,9,30,""Alg1"",209.431752225272"
"27,9,30,""Alg2"",11134.0739285107"
"28,90,1,""Alg1"",3262387.57849753"
"28,90,1,""Alg2"",6069832.45911344"
"28,90,2,""Alg1"",3465914.60111365"
"28,90,2,""Alg2"",5716021.58988255"
"28,42,3,""Alg1"",412314.146265381"
"28,42,3,""Alg2"",1252023.72619229"
"28,42,4,""Alg1"",550508.961591799"
"28,42,4,""Alg2"",1408259.06860802"
"28,42,5,""Alg1"",668397.764876978"
"28,42,5,""Alg2"",1328533.11670085"
"28,90,6,""Alg1"",3814309.24249013"
"28,90,6,""Alg2"",6419519.86711754"
"28,90,7,""Alg1"",3865056.55349926"
"28,90,7,""Alg2"",6321190.31549623"
"28,42,8,""Alg1"",428588.253476236"
"28,42,8,""Alg2"",1006412.10602509"
"28,90,9,""Alg1"",3579003.57777141"
"28,90,9,""Alg2"",5859209.78259005"
"28,42,10,""Alg1"",237124.96183886"
"28,42,10,""Alg2"",1391753.65328284"
"28,90,11,""Alg1"",3814200.12885387"
"28,90,11,""Alg2"",5710752.4090225"
"28,90,12,""Alg1"",3848694.16112264"
"28,90,12,""Alg2"",5463071.62042453"
"28,90,13,""Alg1"",3056318.88781967"
"28,90,13,""Alg2"",5645176.45527813"
"28,42,14,""Alg1"",429333.947901826"
"28,42,14,""Alg2"",1295425.53733842"
"28,42,15,""Alg1"",390120.231132959"
"28,42,15,""Alg2"",1196036.24641843"
"28,90,16,""Alg1"",3682370.43283279"
"28,90,16,""Alg2"",4516324.81244719"
"28,42,17,""Alg1"",663805.17584336"
"28,42,17,""Alg2"",1215495.38017786"
"28,90,18,""Alg1"",3282388.89817024"
"28,90,18,""Alg2"",5816990.85140066"
"28,42,19,""Alg1"",494390.539299803"
"28,42,19,""Alg2"",1169640.87060578"
"28,42,20,""Alg1"",470180.510036556"
"28,42,20,""Alg2"",1119011.11257207"
"28,90,21,""Alg1"",3442831.15567253"
"28,90,21,""Alg2"",5859732.60012251"
"28,42,22,""Alg1"",641492.981986978"
"28,42,22,""Alg2"",1320057.71959776"
"28,90,23,""Alg1"",4183090.13048366"
"28,90,23,""Alg2"",6325358.19601925"
"28,90,24,""Alg1"",3982835.52116849"
"28,90,24,""Alg2"",6753962.50820362"
"28,42,25,""Alg1"",391865.566085529"
"28,42,25,""Alg2"",1270725.36019079"
"28,90,26,""Alg1"",2511635.22472869"
"28,90,26,""Alg2"",6957050.91822198"
"28,42,27,""Alg1"",452888.498462082"
"28,42,27,""Alg2"",1399421.3733423"
"28,90,28,""Alg1"",3373755.42132012"
"28,90,28,""Alg2"",6643763.61110447"
"28,42,29,""Alg1"",339323.986344002"
"28,42,29,""Alg2"",1284419.42311448"
"28,90,30,""Alg1"",3785793.03829057"
"28,90,30,""Alg2"",6504563.52276294"
"29,107,1,""Alg1"",3982006.46606041"
"29,107,1,""Alg2"",6601649.2597974"
"29,94,2,""Alg1"",3573713.83230327"
"29,94,2,""Alg2"",6511246.32719038"
"29,107,3,""Alg1"",4500784.07539428"
"29,107,3,""Alg2"",6875713.65226329"
"29,107,4,""Alg1"",3966517.16305872"
"29,107,4,""Alg2"",7238066.05763434"
"29,94,5,""Alg1"",3910007.986528"
"29,94,5,""Alg2"",6400707.83235422"
"29,94,6,""Alg1"",4072268.12258541"
"29,94,6,""Alg2"",5992052.98052118"
"29,107,7,""Alg1"",5475799.39811676"
"29,107,7,""Alg2"",7344383.66437542"
"29,94,8,""Alg1"",4608712.56402246"
"29,94,8,""Alg2"",5909948.64581482"
"29,107,9,""Alg1"",5123123.59777303"
"29,107,9,""Alg2"",8079390.41834067"
"29,94,10,""Alg1"",4184065.89935565"
"29,94,10,""Alg2"",5873714.97070599"
"29,107,11,""Alg1"",3788486.60500823"
"29,107,11,""Alg2"",8054412.53360147"
"29,107,12,""Alg1"",5600542.02530976"
"29,107,12,""Alg2"",6767860.68902847"
"29,107,13,""Alg1"",5682229.10003522"
"29,107,13,""Alg2"",7428203.24431638"
"29,107,14,""Alg1"",4553202.88509121"
"29,107,14,""Alg2"",7719745.40162076"
"29,107,15,""Alg1"",5447280.52558435"
"29,107,15,""Alg2"",6663721.57871336"
"29,107,16,""Alg1"",5497794.63929926"
"29,107,16,""Alg2"",7411982.35976298"
"29,94,17,""Alg1"",3942934.02137327"
"29,94,17,""Alg2"",4698656.06451701"
"29,94,18,""Alg1"",4494044.31550618"
"29,94,18,""Alg2"",6576229.46130227"
"29,94,19,""Alg1"",4713486.85158668"
"29,94,19,""Alg2"",5130692.10296828"
"29,94,20,""Alg1"",3844438.74165528"
"29,94,20,""Alg2"",6920104.3043181"
"29,107,21,""Alg1"",5152461.75303816"
"29,107,21,""Alg2"",8229562.19930882"
"29,107,22,""Alg1"",6107483.10509911"
"29,107,22,""Alg2"",6861719.48091448"
"29,94,23,""Alg1"",3918183.12581871"
"29,94,23,""Alg2"",5902731.42900987"
"29,94,24,""Alg1"",3905091.33051938"
"29,94,24,""Alg2"",6092917.41421606"
"29,94,25,""Alg1"",4407010.20924038"
"29,94,25,""Alg2"",6235225.16764202"
"29,94,26,""Alg1"",4820161.23180711"
"29,94,26,""Alg2"",5535804.73458418"
"29,94,27,""Alg1"",3417731.0414582"
"29,94,27,""Alg2"",5562765.21730259"
"29,94,28,""Alg1"",3876651.86306425"
"29,94,28,""Alg2"",6850376.04472795"
"29,107,29,""Alg1"",5382264.53445595"
"29,107,29,""Alg2"",7704125.65629298"
"29,94,30,""Alg1"",3980286.1807632"
"29,94,30,""Alg2"",7253413.48519233"
"30,123,1,""Alg1"",5751205.37099055"
"30,123,1,""Alg2"",9425532.36847157"
"30,123,2,""Alg1"",4800204.35399633"
"30,123,2,""Alg2"",9634149.03849366"
"30,135,3,""Alg1"",8037853.92419452"
"30,135,3,""Alg2"",11177558.0962683"
"30,123,4,""Alg1"",7250281.78480679"
"30,123,4,""Alg2"",9714127.75011182"
"30,123,5,""Alg1"",4755636.93796834"
"30,123,5,""Alg2"",7888483.30685688"
"30,123,6,""Alg1"",7516874.341307"
"30,123,6,""Alg2"",7899144.70018747"
"30,135,7,""Alg1"",7949157.03079519"
"30,135,7,""Alg2"",11419996.2544836"
"30,123,8,""Alg1"",7197218.66234367"
"30,123,8,""Alg2"",9338006.27816622"
"30,123,9,""Alg1"",6092589.3040845"
"30,123,9,""Alg2"",8582106.11463746"
"30,135,10,""Alg1"",7499956.99127291"
"30,135,10,""Alg2"",8678679.88360716"
"30,135,11,""Alg1"",8651333.66569534"
"30,135,11,""Alg2"",10989921.3460717"
"30,135,12,""Alg1"",7829455.43178944"
"30,135,12,""Alg2"",9767143.12108515"
"30,135,13,""Alg1"",8364965.6075668"
"30,135,13,""Alg2"",10344886.2994491"
"30,135,14,""Alg1"",6856875.4440262"
"30,135,14,""Alg2"",9718554.63853114"
"30,135,15,""Alg1"",8648852.00308808"
"30,135,15,""Alg2"",10204150.0670133"
"30,123,16,""Alg1"",5960717.65134248"
"30,123,16,""Alg2"",7464093.18617005"
"30,123,17,""Alg1"",6677469.79842611"
"30,123,17,""Alg2"",9932938.74535824"
"30,123,18,""Alg1"",5841489.87926722"
"30,123,18,""Alg2"",8079954.5350342"
"30,123,19,""Alg1"",7540854.12913404"
"30,123,19,""Alg2"",9213169.31902595"
"30,123,20,""Alg1"",6303941.42384313"
"30,123,20,""Alg2"",8692988.5654685"
"30,135,21,""Alg1"",7270494.2039317"
"30,135,21,""Alg2"",9958389.23388275"
"30,123,22,""Alg1"",6407113.35848454"
"30,123,22,""Alg2"",9333410.81592376"
"30,135,23,""Alg1"",8455434.85981237"
"30,135,23,""Alg2"",10303705.0962978"
"30,123,24,""Alg1"",5550684.19258876"
"30,123,24,""Alg2"",7983781.99912309"
"30,123,25,""Alg1"",6905645.84101346"
"30,123,25,""Alg2"",9473526.8471548"
"30,123,26,""Alg1"",7083549.5096732"
"30,123,26,""Alg2"",9878715.1530786"
"30,135,27,""Alg1"",7985025.4912623"
"30,135,27,""Alg2"",10233390.2923148"
"30,135,28,""Alg1"",7198863.91675576"
"30,135,28,""Alg2"",10303251.4526431"
"30,135,29,""Alg1"",8214212.30143495"
"30,135,29,""Alg2"",8416444.10719057"
"30,135,30,""Alg1"",7787448.53534884"
"30,135,30,""Alg2"",9932583.63708726"
"31,116,1,""Alg1"",5676511.57885266"
"31,116,1,""Alg2"",9032583.63510211"
"31,116,2,""Alg1"",6687714.83410056"
"31,116,2,""Alg2"",8640054.10023523"
"31,74,3,""Alg1"",2591196.09016103"
"31,74,3,""Alg2"",4697481.16618776"
"31,74,4,""Alg1"",1985638.89550146"
"31,74,4,""Alg2"",4932470.66776586"
"31,116,5,""Alg1"",6252713.52896816"
"31,116,5,""Alg2"",8863768.63748038"
"31,116,6,""Alg1"",6440700.3080478"
"31,116,6,""Alg2"",8184379.1306756"
"31,116,7,""Alg1"",7012511.32271616"
"31,116,7,""Alg2"",8813077.82752698"
"31,74,8,""Alg1"",2494720.99353514"
"31,74,8,""Alg2"",4162590.40517149"
"31,74,9,""Alg1"",2419042.91767964"
"31,74,9,""Alg2"",4491624.35944217"
"31,74,10,""Alg1"",2390473.80740623"
"31,74,10,""Alg2"",4394481.80592381"
"31,116,11,""Alg1"",5680742.69481378"
"31,116,11,""Alg2"",8752255.75758256"
"31,74,12,""Alg1"",1895113.08028612"
"31,74,12,""Alg2"",4615052.46158189"
"31,116,13,""Alg1"",6033083.62937129"
"31,116,13,""Alg2"",8759890.71673003"
"31,74,14,""Alg1"",1932110.26170322"
"31,74,14,""Alg2"",4530822.35519467"
"31,116,15,""Alg1"",6403301.30511115"
"31,116,15,""Alg2"",9047177.47396062"
"31,116,16,""Alg1"",5985857.63729445"
"31,116,16,""Alg2"",8164165.18224721"
"31,116,17,""Alg1"",6377211.61820884"
"31,116,17,""Alg2"",8112008.7683045"
"31,74,18,""Alg1"",2871988.13059174"
"31,74,18,""Alg2"",4627459.02812361"
"31,116,19,""Alg1"",5719838.25475737"
"31,116,19,""Alg2"",9366037.48316197"
"31,116,20,""Alg1"",5010188.30665645"
"31,116,20,""Alg2"",9005935.06297294"
"31,74,21,""Alg1"",2304864.25760539"
"31,74,21,""Alg2"",4353081.21073373"
"31,74,22,""Alg1"",2294501.6909768"
"31,74,22,""Alg2"",4645069.92639206"
"31,116,23,""Alg1"",6464433.56021419"
"31,116,23,""Alg2"",7768013.6405786"
"31,116,24,""Alg1"",5110888.73291446"
"31,116,24,""Alg2"",7669446.61209867"
"31,116,25,""Alg1"",5032207.85289605"
"31,116,25,""Alg2"",8129650.52296062"
"31,74,26,""Alg1"",1951682.01300691"
"31,74,26,""Alg2"",5046215.0915222"
"31,74,27,""Alg1"",2678803.17622332"
"31,74,27,""Alg2"",4187987.81747366"
"31,74,28,""Alg1"",2464870.53903011"
"31,74,28,""Alg2"",3783766.45059005"
"31,74,29,""Alg1"",2708192.69034282"
"31,74,29,""Alg2"",4638653.34585447"
"31,116,30,""Alg1"",4727858.91390527"
"31,116,30,""Alg2"",9433158.67029911"
"32,30,1,""Alg1"",149125.836543687"
"32,30,1,""Alg2"",776293.727643749"
"32,30,2,""Alg1"",128710.09442887"
"32,30,2,""Alg2"",721809.576511416"
"32,30,3,""Alg1"",204759.596185952"
"32,30,3,""Alg2"",631820.973361465"
"32,72,4,""Alg1"",1848758.94611011"
"32,72,4,""Alg2"",4685452.43222915"
"32,30,5,""Alg1"",205620.578963702"
"32,30,5,""Alg2"",825319.785572901"
"32,30,6,""Alg1"",103570.401464248"
"32,30,6,""Alg2"",740464.956175367"
"32,72,7,""Alg1"",2175109.30868682"
"32,72,7,""Alg2"",4751790.83175763"
"32,30,8,""Alg1"",185365.133720845"
"32,30,8,""Alg2"",606814.111678511"
"32,30,9,""Alg1"",228785.590011291"
"32,30,9,""Alg2"",693956.745012876"
"32,72,10,""Alg1"",2249201.85729273"
"32,72,10,""Alg2"",5046804.82564768"
"32,30,11,""Alg1"",127564.511837303"
"32,30,11,""Alg2"",674779.065210018"
"32,72,12,""Alg1"",2006130.80020763"
"32,72,12,""Alg2"",4172514.14088183"
"32,30,13,""Alg1"",135916.445442612"
"32,30,13,""Alg2"",696827.563931569"
"32,72,14,""Alg1"",2071422.93670153"
"32,72,14,""Alg2"",4809862.18409827"
"32,72,15,""Alg1"",2286060.00879966"
"32,72,15,""Alg2"",4553210.09644256"
"32,72,16,""Alg1"",2342580.80052557"
"32,72,16,""Alg2"",4349231.74844346"
"32,72,17,""Alg1"",1697550.54039759"
"32,72,17,""Alg2"",4583065.70132953"
"32,72,18,""Alg1"",1949318.73043314"
"32,72,18,""Alg2"",4106394.73901941"
"32,72,19,""Alg1"",1509939.87413971"
"32,72,19,""Alg2"",3905932.70675039"
"32,72,20,""Alg1"",2095664.8134645"
"32,72,20,""Alg2"",4081897.50771861"
"32,72,21,""Alg1"",1372429.76962638"
"32,72,21,""Alg2"",4892495.17973396"
"32,72,22,""Alg1"",2285036.89075307"
"32,72,22,""Alg2"",4639024.20793869"
"32,72,23,""Alg1"",2240396.98106613"
"32,72,23,""Alg2"",4063243.45939921"
"32,72,24,""Alg1"",1853637.69472671"
"32,72,24,""Alg2"",4569363.02334273"
"32,30,25,""Alg1"",142284.960357805"
"32,30,25,""Alg2"",680636.340564395"
"32,72,26,""Alg1"",2506940.2315443"
"32,72,26,""Alg2"",3929275.41598241"
"32,30,27,""Alg1"",121924.974343319"
"32,30,27,""Alg2"",706669.495048861"
"32,30,28,""Alg1"",161521.322423233"
"32,30,28,""Alg2"",743398.809832061"
"32,30,29,""Alg1"",112874.698323109"
"32,30,29,""Alg2"",629558.869498867"
"32,30,30,""Alg1"",110248.225394684"
"32,30,30,""Alg2"",596034.688735342"
"33,122,1,""Alg1"",6242092.278957"
"33,122,1,""Alg2"",8584299.59727735"
"33,103,2,""Alg1"",4021771.04252671"
"33,103,2,""Alg2"",6250671.9481682"
"33,122,3,""Alg1"",6647409.22552363"
"33,122,3,""Alg2"",9152722.34443423"
"33,122,4,""Alg1"",7049448.32350036"
"33,122,4,""Alg2"",7824848.41475322"
"33,103,5,""Alg1"",3902194.44647122"
"33,103,5,""Alg2"",7374207.13049695"
"33,122,6,""Alg1"",6049473.5960928"
"33,122,6,""Alg2"",9174714.42876776"
"33,122,7,""Alg1"",7158034.7943022"
"33,122,7,""Alg2"",9272522.41643429"
"33,122,8,""Alg1"",6423317.74801411"
"33,122,8,""Alg2"",9019989.78472321"
"33,103,9,""Alg1"",4929937.43478595"
"33,103,9,""Alg2"",6294453.48210528"
"33,103,10,""Alg1"",4048760.64153193"
"33,103,10,""Alg2"",8145246.21947367"
"33,103,11,""Alg1"",5171249.10737239"
"33,103,11,""Alg2"",7034555.25129033"
"33,122,12,""Alg1"",5924010.49468107"
"33,122,12,""Alg2"",7845045.51770144"
"33,122,13,""Alg1"",6446940.86367299"
"33,122,13,""Alg2"",9116327.00164671"
"33,122,14,""Alg1"",5904884.00629639"
"33,122,14,""Alg2"",8232701.76607503"
"33,122,15,""Alg1"",6362226.03585771"
"33,122,15,""Alg2"",8428827.54725461"
"33,103,16,""Alg1"",3632908.0774866"
"33,103,16,""Alg2"",8102725.82396091"
"33,103,17,""Alg1"",4060329.78948441"
"33,103,17,""Alg2"",7620689.46128759"
"33,103,18,""Alg1"",5367761.03408401"
"33,103,18,""Alg2"",6249875.13201333"
"33,122,19,""Alg1"",6108104.70926036"
"33,122,19,""Alg2"",9630811.93976271"
"33,103,20,""Alg1"",4395077.02555764"
"33,103,20,""Alg2"",6938923.43105788"
"33,122,21,""Alg1"",5426730.31492388"
"33,122,21,""Alg2"",9119063.59593909"
"33,103,22,""Alg1"",4194074.58198998"
"33,103,22,""Alg2"",7626824.93688082"
"33,103,23,""Alg1"",4245892.75868629"
"33,103,23,""Alg2"",7854111.35358417"
"33,122,24,""Alg1"",6627379.50954242"
"33,122,24,""Alg2"",8667802.03760048"
"33,122,25,""Alg1"",6151801.67660616"
"33,122,25,""Alg2"",9486987.4367113"
"33,103,26,""Alg1"",4949436.52615674"
"33,103,26,""Alg2"",6150728.0346585"
"33,103,27,""Alg1"",4338123.46357555"
"33,103,27,""Alg2"",7296875.1227975"
"33,103,28,""Alg1"",3768543.53608757"
"33,103,28,""Alg2"",7454881.89998586"
"33,122,29,""Alg1"",7353790.61352116"
"33,122,29,""Alg2"",9087286.30803577"
"33,103,30,""Alg1"",4552133.69185618"
"33,103,30,""Alg2"",6471755.62545594"
"34,21,1,""Alg1"",19132.2855357971"
"34,21,1,""Alg2"",213715.778344583"
"34,21,2,""Alg1"",31659.3627994618"
"34,21,2,""Alg2"",241803.100370282"
"34,2,3,""Alg1"",1.19729128542244e-07"
"34,2,3,""Alg2"",2.4048298510298e-05"
"34,21,4,""Alg1"",13828.7569900527"
"34,21,4,""Alg2"",290479.345000251"
"34,2,5,""Alg1"",8.950145838095e-07"
"34,2,5,""Alg2"",0.000287459613376059"
"34,2,6,""Alg1"",1.7001230917192e-08"
"34,2,6,""Alg2"",0.000926258000256943"
"34,2,7,""Alg1"",2.03696602045425e-09"
"34,2,7,""Alg2"",4.01761077637154e-05"
"34,2,8,""Alg1"",4.65699893783899e-07"
"34,2,8,""Alg2"",0.000972625609223418"
"34,2,9,""Alg1"",1.31224118266417e-07"
"34,2,9,""Alg2"",0.0693978147362995"
"34,21,10,""Alg1"",10482.7479827948"
"34,21,10,""Alg2"",325776.220233301"
"34,21,11,""Alg1"",33792.5237646791"
"34,21,11,""Alg2"",367390.530468891"
"34,2,12,""Alg1"",4.08333015983993e-06"
"34,2,12,""Alg2"",0.000628387697773162"
"34,2,13,""Alg1"",4.0860036244103e-09"
"34,2,13,""Alg2"",0.00199438215964159"
"34,2,14,""Alg1"",6.49920618449478e-09"
"34,2,14,""Alg2"",0.000685476873505124"
"34,2,15,""Alg1"",2.06023213751024e-06"
"34,2,15,""Alg2"",0.000711477194699248"
"34,2,16,""Alg1"",7.16623267829168e-07"
"34,2,16,""Alg2"",0.00137534191178573"
"34,2,17,""Alg1"",2.46210014357234e-07"
"34,2,17,""Alg2"",0.000307935851609247"
"34,21,18,""Alg1"",18505.8551329086"
"34,21,18,""Alg2"",352385.318464452"
"34,2,19,""Alg1"",1.79798884146449e-08"
"34,2,19,""Alg2"",0.00145085384833099"
"34,2,20,""Alg1"",9.99990861397337e-08"
"34,2,20,""Alg2"",0.000965152839593003"
"34,21,21,""Alg1"",20525.9202922751"
"34,21,21,""Alg2"",259693.859130165"
"34,2,22,""Alg1"",3.03328097419736e-09"
"34,2,22,""Alg2"",0.000382120240358325"
"34,2,23,""Alg1"",3.44195774876226e-07"
"34,2,23,""Alg2"",0.00276112710985279"
"34,21,24,""Alg1"",18877.7600901055"
"34,21,24,""Alg2"",218199.788052032"
"34,21,25,""Alg1"",29765.6430642681"
"34,21,25,""Alg2"",369060.164045809"
"34,2,26,""Alg1"",7.14126168547083e-09"
"34,2,26,""Alg2"",0.000420621898573451"
"34,2,27,""Alg1"",3.64442256153918e-08"
"34,2,27,""Alg2"",0.00537662893076338"
"34,2,28,""Alg1"",4.87704890386287e-09"
"34,2,28,""Alg2"",0.00344214298193024"
"34,2,29,""Alg1"",9.24241290874213e-08"
"34,2,29,""Alg2"",0.000226297604887006"
"34,21,30,""Alg1"",9882.8465283123"
"34,21,30,""Alg2"",213002.206057566"
"35,14,1,""Alg1"",1173.22423579993"
"35,14,1,""Alg2"",47522.0683754791"
"35,14,2,""Alg1"",843.742403805564"
"35,14,2,""Alg2"",67646.5765305316"
"35,14,3,""Alg1"",1938.96290030457"
"35,14,3,""Alg2"",42225.6748472536"
"35,80,4,""Alg1"",2794186.96241602"
"35,80,4,""Alg2"",5094603.72541156"
"35,80,5,""Alg1"",2644202.10759426"
"35,80,5,""Alg2"",5167056.63763632"
"35,80,6,""Alg1"",3149631.0670827"
"35,80,6,""Alg2"",5059224.91873318"
"35,14,7,""Alg1"",1032.05325506814"
"35,14,7,""Alg2"",80607.4760736683"
"35,80,8,""Alg1"",2400151.08957923"
"35,80,8,""Alg2"",5610250.00716946"
"35,80,9,""Alg1"",2717721.67921415"
"35,80,9,""Alg2"",5047572.60986165"
"35,80,10,""Alg1"",2590563.18384122"
"35,80,10,""Alg2"",3865549.23613935"
"35,14,11,""Alg1"",1915.03631868616"
"35,14,11,""Alg2"",123453.572629113"
"35,14,12,""Alg1"",1435.96512187092"
"35,14,12,""Alg2"",144687.953179369"
"35,14,13,""Alg1"",530.14527724697"
"35,14,13,""Alg2"",58236.1829729627"
"35,80,14,""Alg1"",2865398.82995598"
"35,80,14,""Alg2"",5549893.09885158"
"35,14,15,""Alg1"",661.669800559948"
"35,14,15,""Alg2"",100714.468044989"
"35,14,16,""Alg1"",949.83961574939"
"35,14,16,""Alg2"",84032.6827133587"
"35,14,17,""Alg1"",3848.28938084998"
"35,14,17,""Alg2"",100355.876065679"
"35,80,18,""Alg1"",2923424.07565228"
"35,80,18,""Alg2"",5715322.22032729"
"35,80,19,""Alg1"",2192114.67201875"
"35,80,19,""Alg2"",5812555.94297156"
"35,80,20,""Alg1"",2883575.10978978"
"35,80,20,""Alg2"",4475878.41194884"
"35,80,21,""Alg1"",2446138.57370147"
"35,80,21,""Alg2"",6029553.28461127"
"35,80,22,""Alg1"",2197631.47051468"
"35,80,22,""Alg2"",4271195.41913781"
"35,80,23,""Alg1"",2952189.47456999"
"35,80,23,""Alg2"",5207006.61872433"
"35,14,24,""Alg1"",2462.30089141465"
"35,14,24,""Alg2"",102333.965813398"
"35,80,25,""Alg1"",2776526.41097315"
"35,80,25,""Alg2"",5149592.86260682"
"35,14,26,""Alg1"",1263.35290351222"
"35,14,26,""Alg2"",112787.184060684"
"35,14,27,""Alg1"",1727.09585460104"
"35,14,27,""Alg2"",143926.758492311"
"35,80,28,""Alg1"",2513147.25267378"
"35,80,28,""Alg2"",5235066.77101562"
"35,14,29,""Alg1"",1255.91236025361"
"35,14,29,""Alg2"",109029.587356778"
"35,80,30,""Alg1"",2489994.69928327"
"35,80,30,""Alg2"",5221255.757645"
"36,106,1,""Alg1"",4586800.50416978"
"36,106,1,""Alg2"",8381252.18964334"
"36,106,2,""Alg1"",6153876.03518801"
"36,106,2,""Alg2"",7264512.71164274"
"36,106,3,""Alg1"",3819323.80724032"
"36,106,3,""Alg2"",6400039.36672098"
"36,106,4,""Alg1"",4759698.88832314"
"36,106,4,""Alg2"",6319064.23183864"
"36,127,5,""Alg1"",5903244.30712231"
"36,127,5,""Alg2"",9327555.70699349"
"36,127,6,""Alg1"",6194208.87909439"
"36,127,6,""Alg2"",9355036.56931913"
"36,106,7,""Alg1"",4749349.28407624"
"36,106,7,""Alg2"",7380755.83924819"
"36,127,8,""Alg1"",7070157.96285334"
"36,127,8,""Alg2"",9432744.41839206"
"36,106,9,""Alg1"",4704965.11522041"
"36,106,9,""Alg2"",7486652.25836089"
"36,106,10,""Alg1"",5179812.96255061"
"36,106,10,""Alg2"",8244491.34643015"
"36,127,11,""Alg1"",7100981.86000041"
"36,127,11,""Alg2"",9562840.67321765"
"36,106,12,""Alg1"",4873556.73148667"
"36,106,12,""Alg2"",6904446.00606887"
"36,127,13,""Alg1"",6686291.56676394"
"36,127,13,""Alg2"",9771814.45289446"
"36,127,14,""Alg1"",7707542.22186232"
"36,127,14,""Alg2"",9796884.36382847"
"36,106,15,""Alg1"",3886570.34130435"
"36,106,15,""Alg2"",6733295.31066071"
"36,127,16,""Alg1"",7080055.35306191"
"36,127,16,""Alg2"",9494051.72860664"
"36,106,17,""Alg1"",3787614.91055744"
"36,106,17,""Alg2"",7754652.90394193"
"36,127,18,""Alg1"",7038001.18736171"
"36,127,18,""Alg2"",9232987.59127839"
"36,106,19,""Alg1"",4163797.62870902"
"36,106,19,""Alg2"",8085844.94826292"
"36,106,20,""Alg1"",5014647.57158935"
"36,106,20,""Alg2"",7415768.46682915"
"36,106,21,""Alg1"",4699111.03801693"
"36,106,21,""Alg2"",5009521.23035059"
"36,106,22,""Alg1"",5160931.14369444"
"36,106,22,""Alg2"",7665758.23845353"
"36,106,23,""Alg1"",4936547.80379358"
"36,106,23,""Alg2"",7063973.88350215"
"36,127,24,""Alg1"",7574887.04355015"
"36,127,24,""Alg2"",10188615.1810621"
"36,127,25,""Alg1"",8128582.53731399"
"36,127,25,""Alg2"",8961278.6401929"
"36,127,26,""Alg1"",5587257.46011918"
"36,127,26,""Alg2"",9794902.48304946"
"36,127,27,""Alg1"",7047569.5854164"
"36,127,27,""Alg2"",9587861.75585828"
"36,106,28,""Alg1"",4977715.66862898"
"36,106,28,""Alg2"",6810600.02874467"
"36,106,29,""Alg1"",5116118.81196262"
"36,106,29,""Alg2"",6128908.07346879"
"36,106,30,""Alg1"",5146726.31106309"
"36,106,30,""Alg2"",7613405.57995604"
"37,108,1,""Alg1"",4199425.22401"
"37,108,1,""Alg2"",6735297.61590655"
"37,108,2,""Alg1"",5300254.26437083"
"37,108,2,""Alg2"",7134514.31303228"
"37,36,3,""Alg1"",357287.477635937"
"37,36,3,""Alg2"",751743.749523813"
"37,108,4,""Alg1"",5118369.0312403"
"37,108,4,""Alg2"",8150068.50826507"
"37,108,5,""Alg1"",4744421.62655572"
"37,108,5,""Alg2"",8190284.85383218"
"37,36,6,""Alg1"",296011.699895233"
"37,36,6,""Alg2"",1023614.72534256"
"37,108,7,""Alg1"",5756092.29342907"
"37,108,7,""Alg2"",7022585.89127582"
"37,108,8,""Alg1"",4956901.3265069"
"37,108,8,""Alg2"",7901455.3739802"
"37,36,9,""Alg1"",361555.272178209"
"37,36,9,""Alg2"",921235.744801889"
"37,108,10,""Alg1"",5642854.67561984"
"37,108,10,""Alg2"",6685713.00817547"
"37,36,11,""Alg1"",125223.044169919"
"37,36,11,""Alg2"",979119.119635482"
"37,108,12,""Alg1"",5053458.98981373"
"37,108,12,""Alg2"",8105654.19499958"
"37,36,13,""Alg1"",250885.352802154"
"37,36,13,""Alg2"",867829.108701798"
"37,36,14,""Alg1"",267119.245900789"
"37,36,14,""Alg2"",1024599.69388856"
"37,36,15,""Alg1"",328351.740982713"
"37,36,15,""Alg2"",911571.477636443"
"37,108,16,""Alg1"",4150306.47938312"
"37,108,16,""Alg2"",7769631.85939806"
"37,108,17,""Alg1"",5149677.09771615"
"37,108,17,""Alg2"",6463061.33994095"
"37,36,18,""Alg1"",330754.718703731"
"37,36,18,""Alg2"",776419.870596868"
"37,36,19,""Alg1"",284293.421185123"
"37,36,19,""Alg2"",1090219.37612778"
"37,108,20,""Alg1"",5177292.04502978"
"37,108,20,""Alg2"",7900171.470613"
"37,108,21,""Alg1"",5886659.20373079"
"37,108,21,""Alg2"",7547262.83030785"
"37,108,22,""Alg1"",5345180.88766065"
"37,108,22,""Alg2"",8015190.72965656"
"37,108,23,""Alg1"",5043642.13593398"
"37,108,23,""Alg2"",6990143.97653214"
"37,108,24,""Alg1"",4881095.88837048"
"37,108,24,""Alg2"",7830594.86328983"
"37,108,25,""Alg1"",5237659.87948129"
"37,108,25,""Alg2"",8472656.98604102"
"37,36,26,""Alg1"",214343.945184732"
"37,36,26,""Alg2"",1005159.15229405"
"37,108,27,""Alg1"",4859029.06292776"
"37,108,27,""Alg2"",6615977.62927718"
"37,108,28,""Alg1"",5695653.24217777"
"37,108,28,""Alg2"",5980496.5320739"
"37,108,29,""Alg1"",5116229.90692395"
"37,108,29,""Alg2"",8029736.36189538"
"37,36,30,""Alg1"",345249.87271279"
"37,36,30,""Alg2"",967243.956650632"
"38,16,1,""Alg1"",4629.10270162839"
"38,16,1,""Alg2"",145284.37327629"
"38,16,2,""Alg1"",5783.62535745169"
"38,16,2,""Alg2"",157658.139631168"
"38,15,3,""Alg1"",2744.42011460566"
"38,15,3,""Alg2"",90202.2385300564"
"38,16,4,""Alg1"",1464.78973413182"
"38,16,4,""Alg2"",194616.106268657"
"38,16,5,""Alg1"",5920.69708928809"
"38,16,5,""Alg2"",135838.439285754"
"38,16,6,""Alg1"",9196.00586612362"
"38,16,6,""Alg2"",146124.000352736"
"38,16,7,""Alg1"",3953.3701730274"
"38,16,7,""Alg2"",185087.293279045"
"38,16,8,""Alg1"",5255.94174906594"
"38,16,8,""Alg2"",192056.13550099"
"38,15,9,""Alg1"",2737.79864690866"
"38,15,9,""Alg2"",129377.1703195"
"38,16,10,""Alg1"",7251.36457141971"
"38,16,10,""Alg2"",167396.258116446"
"38,15,11,""Alg1"",4527.31776754785"
"38,15,11,""Alg2"",141792.025573186"
"38,15,12,""Alg1"",2260.986991312"
"38,15,12,""Alg2"",130173.401901583"
"38,16,13,""Alg1"",6510.06806752234"
"38,16,13,""Alg2"",192243.188736209"
"38,16,14,""Alg1"",2718.75889193289"
"38,16,14,""Alg2"",167455.863335339"
"38,16,15,""Alg1"",5413.72771918425"
"38,16,15,""Alg2"",183555.247348039"
"38,16,16,""Alg1"",4229.82104704925"
"38,16,16,""Alg2"",111605.74931495"
"38,16,17,""Alg1"",5452.27505866117"
"38,16,17,""Alg2"",164808.263591411"
"38,16,18,""Alg1"",1310.99287580065"
"38,16,18,""Alg2"",207872.331655987"
"38,15,19,""Alg1"",1948.25859786679"
"38,15,19,""Alg2"",129763.168082962"
"38,15,20,""Alg1"",3924.19390457307"
"38,15,20,""Alg2"",151103.789085651"
"38,15,21,""Alg1"",613.796895335972"
"38,15,21,""Alg2"",109501.358034714"
"38,15,22,""Alg1"",3094.36864378509"
"38,15,22,""Alg2"",119135.965172933"
"38,15,23,""Alg1"",5402.00479053251"
"38,15,23,""Alg2"",132289.276400721"
"38,16,24,""Alg1"",1367.97607758448"
"38,16,24,""Alg2"",102594.526248929"
"38,16,25,""Alg1"",9769.48160192095"
"38,16,25,""Alg2"",160131.544787082"
"38,15,26,""Alg1"",3987.30540843853"
"38,15,26,""Alg2"",118250.353903254"
"38,15,27,""Alg1"",2702.30335139404"
"38,15,27,""Alg2"",140107.711432575"
"38,15,28,""Alg1"",1157.44029799509"
"38,15,28,""Alg2"",132596.283246384"
"38,15,29,""Alg1"",2141.42184451574"
"38,15,29,""Alg2"",114268.81444298"
"38,15,30,""Alg1"",1989.32402830358"
"38,15,30,""Alg2"",61054.3033141965"
"39,34,1,""Alg1"",244137.267359192"
"39,34,1,""Alg2"",807381.440771906"
"39,34,2,""Alg1"",266804.699444803"
"39,34,2,""Alg2"",813478.638552629"
"39,78,3,""Alg1"",2250864.61511012"
"39,78,3,""Alg2"",3149189.14946838"
"39,78,4,""Alg1"",3551471.29096735"
"39,78,4,""Alg2"",5217999.03860387"
"39,34,5,""Alg1"",172675.232156874"
"39,34,5,""Alg2"",964285.956290443"
"39,78,6,""Alg1"",2214226.63938826"
"39,78,6,""Alg2"",4999791.12127697"
"39,78,7,""Alg1"",2629285.39852096"
"39,78,7,""Alg2"",4163851.08587682"
"39,78,8,""Alg1"",3035405.77400366"
"39,78,8,""Alg2"",5036843.53724229"
"39,34,9,""Alg1"",163661.007733637"
"39,34,9,""Alg2"",807602.993070184"
"39,78,10,""Alg1"",2903810.95599557"
"39,78,10,""Alg2"",4453136.56486416"
"39,34,11,""Alg1"",177639.524979805"
"39,34,11,""Alg2"",897616.237864127"
"39,34,12,""Alg1"",309020.846927432"
"39,34,12,""Alg2"",801655.070808326"
"39,78,13,""Alg1"",3012270.78785052"
"39,78,13,""Alg2"",4925871.38647938"
"39,34,14,""Alg1"",237767.331295351"
"39,34,14,""Alg2"",788986.992904854"
"39,34,15,""Alg1"",197094.56818406"
"39,34,15,""Alg2"",1038635.04015669"
"39,34,16,""Alg1"",368514.160015167"
"39,34,16,""Alg2"",947555.693294511"
"39,78,17,""Alg1"",2979315.91962545"
"39,78,17,""Alg2"",4668647.40293019"
"39,78,18,""Alg1"",2665113.81349651"
"39,78,18,""Alg2"",4871993.2367899"
"39,78,19,""Alg1"",2344944.19464249"
"39,78,19,""Alg2"",5208595.43348311"
"39,78,20,""Alg1"",2598370.50306805"
"39,78,20,""Alg2"",5260099.59339081"
"39,34,21,""Alg1"",173197.625349821"
"39,34,21,""Alg2"",730198.871680896"
"39,34,22,""Alg1"",239509.049130984"
"39,34,22,""Alg2"",907465.309908884"
"39,34,23,""Alg1"",271086.285177998"
"39,34,23,""Alg2"",850550.97364108"
"39,78,24,""Alg1"",2543122.54250696"
"39,78,24,""Alg2"",3952178.96619175"
"39,34,25,""Alg1"",241686.339272032"
"39,34,25,""Alg2"",980831.372061406"
"39,34,26,""Alg1"",236883.970027195"
"39,34,26,""Alg2"",948318.427126515"
"39,78,27,""Alg1"",2468206.11579267"
"39,78,27,""Alg2"",4340128.60174658"
"39,34,28,""Alg1"",199514.553190688"
"39,34,28,""Alg2"",599466.630627026"
"39,78,29,""Alg1"",2699920.30088159"
"39,78,29,""Alg2"",4997351.78388894"
"39,34,30,""Alg1"",305924.234065597"
"39,34,30,""Alg2"",921138.889399867"
"40,24,1,""Alg1"",54049.6705355474"
"40,24,1,""Alg2"",487687.540305312"
"40,24,2,""Alg1"",46907.5604621863"
"40,24,2,""Alg2"",458656.833700494"
"40,24,3,""Alg1"",51063.8741976126"
"40,24,3,""Alg2"",412897.43005441"
"40,81,4,""Alg1"",3166132.12568899"
"40,81,4,""Alg2"",4871899.87171586"
"40,24,5,""Alg1"",62094.8330062307"
"40,24,5,""Alg2"",453514.425406378"
"40,81,6,""Alg1"",2979668.5338863"
"40,81,6,""Alg2"",4944658.02716911"
"40,81,7,""Alg1"",2852305.08618551"
"40,81,7,""Alg2"",4764697.90717929"
"40,24,8,""Alg1"",56944.1868554605"
"40,24,8,""Alg2"",428317.263019463"
"40,24,9,""Alg1"",60292.8390002164"
"40,24,9,""Alg2"",435413.116168393"
"40,81,10,""Alg1"",2161766.77641289"
"40,81,10,""Alg2"",5559385.06451256"
"40,81,11,""Alg1"",3098389.16683552"
"40,81,11,""Alg2"",5373741.30322823"
"40,24,12,""Alg1"",56832.1854672358"
"40,24,12,""Alg2"",443791.353401044"
"40,24,13,""Alg1"",27323.8248430408"
"40,24,13,""Alg2"",450035.732735222"
"40,81,14,""Alg1"",1874412.90962366"
"40,81,14,""Alg2"",5097331.59055509"
"40,81,15,""Alg1"",2172785.92873039"
"40,81,15,""Alg2"",5529730.77434128"
"40,24,16,""Alg1"",37524.9401189401"
"40,24,16,""Alg2"",471093.402288032"
"40,24,17,""Alg1"",86527.0447809492"
"40,24,17,""Alg2"",384639.621526744"
"40,24,18,""Alg1"",24957.5366502968"
"40,24,18,""Alg2"",499965.410486096"
"40,81,19,""Alg1"",3143286.80923445"
"40,81,19,""Alg2"",4723870.85179892"
"40,24,20,""Alg1"",43125.295342362"
"40,24,20,""Alg2"",493829.015755335"
"40,81,21,""Alg1"",1980633.57627273"
"40,81,21,""Alg2"",4647765.36292474"
"40,24,22,""Alg1"",81802.6565941697"
"40,24,22,""Alg2"",469559.23412635"
"40,24,23,""Alg1"",27849.0272250295"
"40,24,23,""Alg2"",411606.339548008"
"40,81,24,""Alg1"",2416613.26706832"
"40,81,24,""Alg2"",5456725.05580524"
"40,81,25,""Alg1"",2803978.80347371"
"40,81,25,""Alg2"",3237059.19516478"
"40,81,26,""Alg1"",3136300.81575911"
"40,81,26,""Alg2"",4875140.63765386"
"40,24,27,""Alg1"",76866.4267781147"
"40,24,27,""Alg2"",392015.780342796"
"40,24,28,""Alg1"",25141.3730573122"
"40,24,28,""Alg2"",369102.199410864"
"40,81,29,""Alg1"",2328387.61195428"
"40,81,29,""Alg2"",4628419.32731774"
"40,24,30,""Alg1"",62569.1986604716"
"40,24,30,""Alg2"",449435.129123806"
"41,142,1,""Alg1"",8054341.69310722"
"41,142,1,""Alg2"",10855080.1564934"
"41,142,2,""Alg1"",7928707.47312559"
"41,142,2,""Alg2"",10980368.7231954"
"41,142,3,""Alg1"",7874948.1528943"
"41,142,3,""Alg2"",10641488.8616224"
"41,32,4,""Alg1"",166003.593187456"
"41,32,4,""Alg2"",735136.106282531"
"41,142,5,""Alg1"",8243404.40698816"
"41,142,5,""Alg2"",10320013.8043476"
"41,32,6,""Alg1"",156071.754769295"
"41,32,6,""Alg2"",852569.551716012"
"41,142,7,""Alg1"",9086575.42613756"
"41,142,7,""Alg2"",10721531.5576573"
"41,142,8,""Alg1"",7129444.04886789"
"41,142,8,""Alg2"",11464328.292597"
"41,32,9,""Alg1"",215169.502198829"
"41,32,9,""Alg2"",609725.620214595"
"41,142,10,""Alg1"",9865698.74847879"
"41,142,10,""Alg2"",11403630.0450589"
"41,32,11,""Alg1"",229666.409882145"
"41,32,11,""Alg2"",687049.030812607"
"41,32,12,""Alg1"",182848.801726663"
"41,32,12,""Alg2"",859418.350911913"
"41,32,13,""Alg1"",157458.11200371"
"41,32,13,""Alg2"",664919.102298835"
"41,142,14,""Alg1"",8614012.19407978"
"41,142,14,""Alg2"",10233929.8348458"
"41,142,15,""Alg1"",7627417.51467976"
"41,142,15,""Alg2"",9088397.11280981"
"41,32,16,""Alg1"",321781.218303393"
"41,32,16,""Alg2"",630898.819043829"
"41,142,17,""Alg1"",9092318.1283783"
"41,142,17,""Alg2"",10605881.5834314"
"41,142,18,""Alg1"",8712674.24190785"
"41,142,18,""Alg2"",9738610.81435761"
"41,32,19,""Alg1"",164564.244814024"
"41,32,19,""Alg2"",762690.560208812"
"41,142,20,""Alg1"",9185983.92772039"
"41,142,20,""Alg2"",11364588.5508772"
"41,142,21,""Alg1"",8015645.71810219"
"41,142,21,""Alg2"",10680551.9695966"
"41,32,22,""Alg1"",98962.3114672241"
"41,32,22,""Alg2"",781965.805149467"
"41,32,23,""Alg1"",193321.695606931"
"41,32,23,""Alg2"",786664.497457606"
"41,32,24,""Alg1"",70739.1190279239"
"41,32,24,""Alg2"",540612.320059732"
"41,142,25,""Alg1"",8892456.25756466"
"41,142,25,""Alg2"",10557835.8617719"
"41,142,26,""Alg1"",6793682.48544773"
"41,142,26,""Alg2"",8412183.91158015"
"41,142,27,""Alg1"",8631531.00009021"
"41,142,27,""Alg2"",10346628.2795081"
"41,32,28,""Alg1"",155732.080808021"
"41,32,28,""Alg2"",795719.934530649"
"41,32,29,""Alg1"",164396.178254498"
"41,32,29,""Alg2"",842358.6729673"
"41,142,30,""Alg1"",9228971.4419528"
"41,142,30,""Alg2"",10438597.1896389"
"42,111,1,""Alg1"",4223981.59405144"
"42,111,1,""Alg2"",7813370.62224147"
"42,136,2,""Alg1"",6991070.71937668"
"42,136,2,""Alg2"",10245884.5816273"
"42,136,3,""Alg1"",7647239.47632888"
"42,136,3,""Alg2"",10768356.7926036"
"42,111,4,""Alg1"",4981289.54467398"
"42,111,4,""Alg2"",7300811.61263074"
"42,111,5,""Alg1"",4681427.37660381"
"42,111,5,""Alg2"",7416923.99198377"
"42,111,6,""Alg1"",5298318.09215635"
"42,111,6,""Alg2"",8441257.65501684"
"42,136,7,""Alg1"",8046841.66477888"
"42,136,7,""Alg2"",10108441.0339548"
"42,111,8,""Alg1"",5456404.21033384"
"42,111,8,""Alg2"",7822330.52620759"
"42,111,9,""Alg1"",5600441.75589743"
"42,111,9,""Alg2"",6160912.29756226"
"42,136,10,""Alg1"",6741511.81546507"
"42,136,10,""Alg2"",10328018.157714"
"42,136,11,""Alg1"",8529446.0870443"
"42,136,11,""Alg2"",10298101.12276"
"42,111,12,""Alg1"",4580858.75751067"
"42,111,12,""Alg2"",7792857.15684014"
"42,111,13,""Alg1"",4903537.20993415"
"42,111,13,""Alg2"",6681436.33964935"
"42,111,14,""Alg1"",5513119.10527429"
"42,111,14,""Alg2"",8737435.51192525"
"42,111,15,""Alg1"",5778119.04463668"
"42,111,15,""Alg2"",7554397.38828513"
"42,111,16,""Alg1"",4483441.67923162"
"42,111,16,""Alg2"",6300756.76416623"
"42,136,17,""Alg1"",8276867.72602359"
"42,136,17,""Alg2"",8802636.29060017"
"42,136,18,""Alg1"",7544877.43806049"
"42,136,18,""Alg2"",10461233.5200335"
"42,111,19,""Alg1"",5053089.55998622"
"42,111,19,""Alg2"",8131057.53177699"
"42,111,20,""Alg1"",4666305.64334076"
"42,111,20,""Alg2"",6398690.55273758"
"42,111,21,""Alg1"",5439670.14332237"
"42,111,21,""Alg2"",6220329.42324462"
"42,136,22,""Alg1"",7141216.84341433"
"42,136,22,""Alg2"",9736038.06952522"
"42,111,23,""Alg1"",5189800.59885382"
"42,111,23,""Alg2"",7936468.03303938"
"42,111,24,""Alg1"",4292773.8228315"
"42,111,24,""Alg2"",7564184.85251216"
"42,136,25,""Alg1"",7261320.95634686"
"42,136,25,""Alg2"",10843208.6397691"
"42,111,26,""Alg1"",4929083.70632798"
"42,111,26,""Alg2"",6928146.49462418"
"42,136,27,""Alg1"",8003587.91310551"
"42,136,27,""Alg2"",10690686.293524"
"42,111,28,""Alg1"",5907371.35718075"
"42,111,28,""Alg2"",8678997.58105318"
"42,111,29,""Alg1"",5556864.7207926"
"42,111,29,""Alg2"",8002440.66104883"
"42,111,30,""Alg1"",4990432.97631205"
"42,111,30,""Alg2"",8049751.26315551"
"43,129,1,""Alg1"",7219336.72297982"
"43,129,1,""Alg2"",8225406.97588144"
"43,129,2,""Alg1"",7209441.62590346"
"43,129,2,""Alg2"",10289188.8997214"
"43,129,3,""Alg1"",7832661.91281587"
"43,129,3,""Alg2"",9422236.26876136"
"43,115,4,""Alg1"",6002778.35384157"
"43,115,4,""Alg2"",7182830.82400622"
"43,129,5,""Alg1"",7381929.31001021"
"43,129,5,""Alg2"",7795217.25525072"
"43,129,6,""Alg1"",6583271.59241296"
"43,129,6,""Alg2"",10188431.7466797"
"43,129,7,""Alg1"",6250112.49470756"
"43,129,7,""Alg2"",9368950.64985934"
"43,115,8,""Alg1"",3587567.06932349"
"43,115,8,""Alg2"",7775512.12881324"
"43,129,9,""Alg1"",8277994.22457255"
"43,129,9,""Alg2"",9610543.37462601"
"43,129,10,""Alg1"",6842982.97875246"
"43,129,10,""Alg2"",9799496.84835725"
"43,115,11,""Alg1"",5565534.34372534"
"43,115,11,""Alg2"",7963767.60366933"
"43,115,12,""Alg1"",4765754.11994084"
"43,115,12,""Alg2"",8964615.72365493"
"43,129,13,""Alg1"",6505970.08875597"
"43,129,13,""Alg2"",9081760.93051618"
"43,115,14,""Alg1"",5969250.81069136"
"43,115,14,""Alg2"",8460491.86019392"
"43,129,15,""Alg1"",6722972.24920791"
"43,129,15,""Alg2"",10429790.8743869"
"43,115,16,""Alg1"",6002189.29567954"
"43,115,16,""Alg2"",8682036.80737608"
"43,129,17,""Alg1"",6606206.08992116"
"43,129,17,""Alg2"",9154310.94378744"
"43,115,18,""Alg1"",6164430.07823646"
"43,115,18,""Alg2"",7761428.67246031"
"43,129,19,""Alg1"",7375705.18534646"
"43,129,19,""Alg2"",10033622.2576041"
"43,115,20,""Alg1"",6062182.66758669"
"43,115,20,""Alg2"",8505196.38241958"
"43,129,21,""Alg1"",7068171.0549953"
"43,129,21,""Alg2"",10253034.565288"
"43,115,22,""Alg1"",5937586.12378706"
"43,115,22,""Alg2"",8272269.39384738"
"43,115,23,""Alg1"",5737441.86653639"
"43,115,23,""Alg2"",8081055.40286177"
"43,115,24,""Alg1"",5306347.95039738"
"43,115,24,""Alg2"",8261650.41423887"
"43,129,25,""Alg1"",7073987.69386748"
"43,129,25,""Alg2"",9999516.95348532"
"43,129,26,""Alg1"",7076915.76563552"
"43,129,26,""Alg2"",9199172.98623649"
"43,129,27,""Alg1"",7865103.46125135"
"43,129,27,""Alg2"",9656993.39718872"
"43,115,28,""Alg1"",5877885.96920529"
"43,115,28,""Alg2"",9085399.71490795"
"43,129,29,""Alg1"",8014329.07805392"
"43,129,29,""Alg2"",9458182.81523374"
"43,129,30,""Alg1"",7556577.77056259"
"43,129,30,""Alg2"",10385929.5700971"
"44,29,1,""Alg1"",151719.646300789"
"44,29,1,""Alg2"",699329.483542559"
"44,93,2,""Alg1"",3331366.60620674"
"44,93,2,""Alg2"",6945182.86068718"
"44,29,3,""Alg1"",88073.9837942931"
"44,29,3,""Alg2"",725655.05521351"
"44,29,4,""Alg1"",86428.7590404915"
"44,29,4,""Alg2"",427031.322049377"
"44,29,5,""Alg1"",108811.512439057"
"44,29,5,""Alg2"",606359.385778577"
"44,29,6,""Alg1"",114709.740429604"
"44,29,6,""Alg2"",745358.875023426"
"44,29,7,""Alg1"",91841.6563543354"
"44,29,7,""Alg2"",502837.141004209"
"44,29,8,""Alg1"",87000.26534934"
"44,29,8,""Alg2"",644348.690690267"
"44,93,9,""Alg1"",4468560.64422484"
"44,93,9,""Alg2"",5972012.25495522"
"44,93,10,""Alg1"",3806508.6064401"
"44,93,10,""Alg2"",5557278.09852471"
"44,29,11,""Alg1"",112279.36019438"
"44,29,11,""Alg2"",659010.252109606"
"44,93,12,""Alg1"",4220605.36281905"
"44,93,12,""Alg2"",5644884.14542355"
"44,93,13,""Alg1"",4199678.34245403"
"44,93,13,""Alg2"",7036356.8264081"
"44,93,14,""Alg1"",3812864.2791249"
"44,93,14,""Alg2"",6316714.11462893"
"44,93,15,""Alg1"",3734062.99256343"
"44,93,15,""Alg2"",6061796.92737832"
"44,29,16,""Alg1"",75837.3888882695"
"44,29,16,""Alg2"",474474.429442047"
"44,93,17,""Alg1"",3444780.75880885"
"44,93,17,""Alg2"",5782436.38751703"
"44,93,18,""Alg1"",4169217.69513864"
"44,93,18,""Alg2"",5566112.38849483"
"44,93,19,""Alg1"",4197868.02124322"
"44,93,19,""Alg2"",6044410.07934786"
"44,29,20,""Alg1"",131050.492752457"
"44,29,20,""Alg2"",488866.546111282"
"44,93,21,""Alg1"",3731065.46692688"
"44,93,21,""Alg2"",6255335.72894532"
"44,29,22,""Alg1"",118433.034239549"
"44,29,22,""Alg2"",687995.28966049"
"44,93,23,""Alg1"",4060718.41940483"
"44,93,23,""Alg2"",6212934.38263305"
"44,29,24,""Alg1"",61131.540684732"
"44,29,24,""Alg2"",586912.543958772"
"44,29,25,""Alg1"",108026.075319675"
"44,29,25,""Alg2"",550712.351792754"
"44,93,26,""Alg1"",4260725.65165181"
"44,93,26,""Alg2"",6541306.87218334"
"44,29,27,""Alg1"",106639.574770685"
"44,29,27,""Alg2"",633567.473030516"
"44,93,28,""Alg1"",3571458.65231553"
"44,93,28,""Alg2"",6529488.15730271"
"44,29,29,""Alg1"",126827.447694259"
"44,29,29,""Alg2"",677538.303295986"
"44,93,30,""Alg1"",3085648.00356082"
"44,93,30,""Alg2"",6854185.66157992"
"45,89,1,""Alg1"",3728325.11375641"
"45,89,1,""Alg2"",6565408.12075112"
"45,105,2,""Alg1"",4563941.9033096"
"45,105,2,""Alg2"",6693353.85501702"
"45,105,3,""Alg1"",5578797.55932842"
"45,105,3,""Alg2"",6705605.6421887"
"45,89,4,""Alg1"",4260051.16563856"
"45,89,4,""Alg2"",4994358.55690566"
"45,89,5,""Alg1"",2802312.28577222"
"45,89,5,""Alg2"",4855377.02847796"
"45,89,6,""Alg1"",3898608.26955241"
"45,89,6,""Alg2"",5561817.26161712"
"45,105,7,""Alg1"",5187682.25267358"
"45,105,7,""Alg2"",7555063.73302319"
"45,105,8,""Alg1"",4907515.85335047"
"45,105,8,""Alg2"",8341850.6699356"
"45,89,9,""Alg1"",3730691.12019221"
"45,89,9,""Alg2"",5119161.22438761"
"45,105,10,""Alg1"",5061434.70742632"
"45,105,10,""Alg2"",8045952.68362495"
"45,105,11,""Alg1"",4494661.04699345"
"45,105,11,""Alg2"",8664257.30597109"
"45,105,12,""Alg1"",4658296.11765062"
"45,105,12,""Alg2"",6429608.34999987"
"45,89,13,""Alg1"",3405853.93977851"
"45,89,13,""Alg2"",6252211.70339018"
"45,105,14,""Alg1"",4583848.74348213"
"45,105,14,""Alg2"",7458910.60743722"
"45,105,15,""Alg1"",4988076.48520126"
"45,105,15,""Alg2"",7094147.69873296"
"45,89,16,""Alg1"",4136710.41335892"
"45,89,16,""Alg2"",6814676.94827531"
"45,89,17,""Alg1"",3525299.14299447"
"45,89,17,""Alg2"",6462550.97758079"
"45,105,18,""Alg1"",5134238.58172521"
"45,105,18,""Alg2"",6628427.67654982"
"45,105,19,""Alg1"",4825914.36533887"
"45,105,19,""Alg2"",7473734.34401646"
"45,89,20,""Alg1"",3132029.52581934"
"45,89,20,""Alg2"",5777055.73470673"
"45,105,21,""Alg1"",4882791.99280724"
"45,105,21,""Alg2"",6143425.88786711"
"45,89,22,""Alg1"",3682115.53050776"
"45,89,22,""Alg2"",5860291.06328154"
"45,105,23,""Alg1"",4612441.03195246"
"45,105,23,""Alg2"",6956288.48522809"
"45,89,24,""Alg1"",3492998.67249864"
"45,89,24,""Alg2"",6119480.11147489"
"45,89,25,""Alg1"",3102848.53729856"
"45,89,25,""Alg2"",5969540.10455777"
"45,89,26,""Alg1"",3780426.86996147"
"45,89,26,""Alg2"",5603748.90604676"
"45,105,27,""Alg1"",4618818.83851699"
"45,105,27,""Alg2"",5012540.08389212"
"45,105,28,""Alg1"",4764453.92123106"
"45,105,28,""Alg2"",6997469.13147542"
"45,89,29,""Alg1"",3861851.5653652"
"45,89,29,""Alg2"",6037868.97893182"
"45,105,30,""Alg1"",5977741.95971168"
"45,105,30,""Alg2"",7871258.92875929"
"46,54,1,""Alg1"",866014.744410289"
"46,54,1,""Alg2"",2253697.38270139"
"46,54,2,""Alg1"",1027740.29678515"
"46,54,2,""Alg2"",1472673.86919389"
"46,54,3,""Alg1"",656395.217660306"
"46,54,3,""Alg2"",2266173.41784468"
"46,54,4,""Alg1"",1055497.43041478"
"46,54,4,""Alg2"",2037252.16770147"
"46,54,5,""Alg1"",1088789.8082972"
"46,54,5,""Alg2"",1840696.057754"
"46,54,6,""Alg1"",705039.289228103"
"46,54,6,""Alg2"",2199367.08145301"
"46,54,7,""Alg1"",855153.999206958"
"46,54,7,""Alg2"",2260778.34304197"
"46,66,8,""Alg1"",1859277.0148339"
"46,66,8,""Alg2"",3379149.45698076"
"46,66,9,""Alg1"",778481.728403415"
"46,66,9,""Alg2"",4128828.62177666"
"46,54,10,""Alg1"",1208245.34229154"
"46,54,10,""Alg2"",2296540.18944106"
"46,54,11,""Alg1"",692361.159127756"
"46,54,11,""Alg2"",1853692.64426474"
"46,54,12,""Alg1"",1070739.80937708"
"46,54,12,""Alg2"",2128218.30785494"
"46,66,13,""Alg1"",1912900.96863588"
"46,66,13,""Alg2"",3617579.56082577"
"46,54,14,""Alg1"",1189341.75813067"
"46,54,14,""Alg2"",1844819.49607878"
"46,54,15,""Alg1"",1337847.50503776"
"46,54,15,""Alg2"",2196929.6109381"
"46,66,16,""Alg1"",1427690.99306291"
"46,66,16,""Alg2"",4419461.17233404"
"46,54,17,""Alg1"",936345.750380031"
"46,54,17,""Alg2"",1756028.32508053"
"46,54,18,""Alg1"",1176660.70798055"
"46,54,18,""Alg2"",2435619.03773833"
"46,66,19,""Alg1"",1991948.66458436"
"46,66,19,""Alg2"",2991922.63612747"
"46,66,20,""Alg1"",1868558.82739464"
"46,66,20,""Alg2"",3857361.32228916"
"46,66,21,""Alg1"",1992021.34106285"
"46,66,21,""Alg2"",4210736.18758879"
"46,66,22,""Alg1"",1669287.6918863"
"46,66,22,""Alg2"",4389641.59522175"
"46,54,23,""Alg1"",883674.836200412"
"46,54,23,""Alg2"",1535771.18117963"
"46,66,24,""Alg1"",1350486.84160988"
"46,66,24,""Alg2"",3710737.84582765"
"46,54,25,""Alg1"",1123674.90269321"
"46,54,25,""Alg2"",1910429.20846456"
"46,66,26,""Alg1"",1393037.68248847"
"46,66,26,""Alg2"",2594681.18387979"
"46,54,27,""Alg1"",843121.96467914"
"46,54,27,""Alg2"",1896011.4701769"
"46,54,28,""Alg1"",1161015.67225743"
"46,54,28,""Alg2"",3159811.70459811"
"46,54,29,""Alg1"",902123.791664755"
"46,54,29,""Alg2"",1779135.26793441"
"46,54,30,""Alg1"",1163992.82587459"
"46,54,30,""Alg2"",2036733.13631838"
"47,138,1,""Alg1"",8172535.39918282"
"47,138,1,""Alg2"",9795473.15628713"
"47,138,2,""Alg1"",6927023.38327821"
"47,138,2,""Alg2"",11280035.7146628"
"47,124,3,""Alg1"",7519421.79681111"
"47,124,3,""Alg2"",8811800.01584255"
"47,124,4,""Alg1"",6783874.67391382"
"47,124,4,""Alg2"",9874566.01906405"
"47,138,5,""Alg1"",7737049.31730526"
"47,138,5,""Alg2"",10964714.0405434"
"47,124,6,""Alg1"",7552438.45635552"
"47,124,6,""Alg2"",9179403.7454606"
"47,138,7,""Alg1"",8140220.6814189"
"47,138,7,""Alg2"",10452834.8726531"
"47,124,8,""Alg1"",5621736.16660385"
"47,124,8,""Alg2"",8652855.92240376"
"47,124,9,""Alg1"",6842428.70730288"
"47,124,9,""Alg2"",9531056.22874471"
"47,124,10,""Alg1"",6667123.52199428"
"47,124,10,""Alg2"",7841864.69794536"
"47,124,11,""Alg1"",6470486.21665637"
"47,124,11,""Alg2"",7956416.34386854"
"47,138,12,""Alg1"",8248196.13302861"
"47,138,12,""Alg2"",11127048.8570077"
"47,138,13,""Alg1"",8717159.25435442"
"47,138,13,""Alg2"",10423763.9484523"
"47,124,14,""Alg1"",7193739.52519458"
"47,124,14,""Alg2"",9897948.59568886"
"47,138,15,""Alg1"",8539881.13234523"
"47,138,15,""Alg2"",9920883.94586422"
"47,138,16,""Alg1"",7393822.39718627"
"47,138,16,""Alg2"",10454398.9114262"
"47,124,17,""Alg1"",7023086.11245767"
"47,124,17,""Alg2"",8669202.2911194"
"47,138,18,""Alg1"",8703015.10735562"
"47,138,18,""Alg2"",10702169.5920133"
"47,138,19,""Alg1"",7261067.20918726"
"47,138,19,""Alg2"",11006340.0546316"
"47,138,20,""Alg1"",7990038.05684413"
"47,138,20,""Alg2"",9813432.11693102"
"47,124,21,""Alg1"",7341773.05125524"
"47,124,21,""Alg2"",8488207.14933285"
"47,124,22,""Alg1"",6392707.33741833"
"47,124,22,""Alg2"",9642650.35248691"
"47,124,23,""Alg1"",6385794.500527"
"47,124,23,""Alg2"",8969856.07680297"
"47,138,24,""Alg1"",7575027.46508694"
"47,138,24,""Alg2"",10982225.1718569"
"47,138,25,""Alg1"",6034921.12888986"
"47,138,25,""Alg2"",9019448.43521036"
"47,138,26,""Alg1"",7996247.35972861"
"47,138,26,""Alg2"",9163622.83334791"
"47,138,27,""Alg1"",8819261.51263925"
"47,138,27,""Alg2"",10144806.0196177"
"47,124,28,""Alg1"",6837160.22008439"
"47,124,28,""Alg2"",8516057.0671647"
"47,138,29,""Alg1"",7599565.26869228"
"47,138,29,""Alg2"",8524589.90880055"
"47,138,30,""Alg1"",7765553.17104106"
"47,138,30,""Alg2"",10240371.1726907"
"48,62,1,""Alg1"",1581090.01366079"
"48,62,1,""Alg2"",4141061.50513185"
"48,50,2,""Alg1"",811685.220179492"
"48,50,2,""Alg2"",1824083.91528554"
"48,50,3,""Alg1"",1012594.38282005"
"48,50,3,""Alg2"",1520507.46956474"
"48,62,4,""Alg1"",941910.326852046"
"48,62,4,""Alg2"",3581434.14805589"
"48,62,5,""Alg1"",1322566.15332294"
"48,62,5,""Alg2"",4150148.94647703"
"48,62,6,""Alg1"",1366379.14538403"
"48,62,6,""Alg2"",3877904.454118"
"48,62,7,""Alg1"",1573581.54238606"
"48,62,7,""Alg2"",4210007.40700916"
"48,50,8,""Alg1"",964112.044112616"
"48,50,8,""Alg2"",1764570.4969249"
"48,62,9,""Alg1"",1611532.1825885"
"48,62,9,""Alg2"",3784186.57859256"
"48,50,10,""Alg1"",756619.565539155"
"48,50,10,""Alg2"",1677195.73381344"
"48,62,11,""Alg1"",1577416.43739367"
"48,62,11,""Alg2"",3580424.43618302"
"48,50,12,""Alg1"",759072.445226935"
"48,50,12,""Alg2"",1593599.2935959"
"48,62,13,""Alg1"",1316066.51386184"
"48,62,13,""Alg2"",4386235.42920585"
"48,62,14,""Alg1"",1174742.06079112"
"48,62,14,""Alg2"",3460816.45819138"
"48,62,15,""Alg1"",1726053.4842872"
"48,62,15,""Alg2"",4063888.59967566"
"48,50,16,""Alg1"",788435.213022961"
"48,50,16,""Alg2"",1745092.5095178"
"48,62,17,""Alg1"",1799416.75901939"
"48,62,17,""Alg2"",2607523.21187799"
"48,50,18,""Alg1"",710979.565279675"
"48,50,18,""Alg2"",1742513.13209332"
"48,50,19,""Alg1"",609153.55554265"
"48,50,19,""Alg2"",1712348.4895238"
"48,50,20,""Alg1"",1113651.8033441"
"48,50,20,""Alg2"",1662420.06414721"
"48,62,21,""Alg1"",1585195.81369089"
"48,62,21,""Alg2"",2690892.58199776"
"48,50,22,""Alg1"",903312.792095433"
"48,50,22,""Alg2"",1930960.89467885"
"48,50,23,""Alg1"",673361.730439585"
"48,50,23,""Alg2"",1874865.2266779"
"48,62,24,""Alg1"",1521278.04704014"
"48,62,24,""Alg2"",3377244.93861161"
"48,62,25,""Alg1"",1564423.29157073"
"48,62,25,""Alg2"",3650109.82443933"
"48,62,26,""Alg1"",1296425.7492747"
"48,62,26,""Alg2"",2144960.62828385"
"48,62,27,""Alg1"",1635323.69475632"
"48,62,27,""Alg2"",3553871.05459578"
"48,62,28,""Alg1"",1886259.29671226"
"48,62,28,""Alg2"",2475246.70622358"
"48,62,29,""Alg1"",1146821.9247234"
"48,62,29,""Alg2"",2806988.7444882"
"48,62,30,""Alg1"",1441779.20612719"
"48,62,30,""Alg2"",2935347.06370675"
"49,60,1,""Alg1"",1176001.74503217"
"49,60,1,""Alg2"",4093468.87629767"
"49,97,2,""Alg1"",4973041.75734955"
"49,97,2,""Alg2"",7429601.74069072"
"49,97,3,""Alg1"",4383045.26151592"
"49,97,3,""Alg2"",6488827.10606172"
"49,97,4,""Alg1"",4361600.38513618"
"49,97,4,""Alg2"",6353945.77972735"
"49,97,5,""Alg1"",3897236.66528499"
"49,97,5,""Alg2"",7511900.13694039"
"49,60,6,""Alg1"",1299480.23155728"
"49,60,6,""Alg2"",2052010.38000027"
"49,97,7,""Alg1"",3771752.66467163"
"49,97,7,""Alg2"",5047900.64562935"
"49,97,8,""Alg1"",4083658.74845835"
"49,97,8,""Alg2"",6830475.77271216"
"49,60,9,""Alg1"",1420932.61031506"
"49,60,9,""Alg2"",3499774.96522218"
"49,60,10,""Alg1"",1034250.45352633"
"49,60,10,""Alg2"",2150321.84100354"
"49,60,11,""Alg1"",1329234.5396672"
"49,60,11,""Alg2"",2904771.28679718"
"49,60,12,""Alg1"",1451426.98238273"
"49,60,12,""Alg2"",3859253.74275444"
"49,60,13,""Alg1"",1467596.39565216"
"49,60,13,""Alg2"",3461089.44398443"
"49,97,14,""Alg1"",4679472.66774945"
"49,97,14,""Alg2"",6358068.41188716"
"49,60,15,""Alg1"",866124.369168006"
"49,60,15,""Alg2"",2124213.4109991"
"49,60,16,""Alg1"",1126866.55152133"
"49,60,16,""Alg2"",2660499.01979152"
"49,60,17,""Alg1"",1559713.19473349"
"49,60,17,""Alg2"",2566536.57643895"
"49,60,18,""Alg1"",983527.134740618"
"49,60,18,""Alg2"",2312557.24546274"
"49,97,19,""Alg1"",3967183.76306429"
"49,97,19,""Alg2"",5691213.04498652"
"49,97,20,""Alg1"",3304822.11713157"
"49,97,20,""Alg2"",6905486.19016754"
"49,97,21,""Alg1"",4258212.93370471"
"49,97,21,""Alg2"",7357526.01571985"
"49,97,22,""Alg1"",3928843.49335313"
"49,97,22,""Alg2"",6396558.08921022"
"49,97,23,""Alg1"",4026935.91769691"
"49,97,23,""Alg2"",5733901.65768801"
"49,97,24,""Alg1"",3396767.51129788"
"49,97,24,""Alg2"",7197043.05741266"
"49,97,25,""Alg1"",3708385.61300311"
"49,97,25,""Alg2"",6763839.53756106"
"49,97,26,""Alg1"",4182366.93866313"
"49,97,26,""Alg2"",6557824.47389967"
"49,60,27,""Alg1"",1327336.83395797"
"49,60,27,""Alg2"",3714489.44393386"
"49,60,28,""Alg1"",1459797.84806869"
"49,60,28,""Alg2"",2296668.00992481"
"49,60,29,""Alg1"",1213604.34527156"
"49,60,29,""Alg2"",3084738.22901577"
"49,97,30,""Alg1"",4596053.79803449"
"49,97,30,""Alg2"",7203306.53525524"
"50,11,1,""Alg1"",124.150024367629"
"50,11,1,""Alg2"",34743.7762458677"
"50,11,2,""Alg1"",428.324875475908"
"50,11,2,""Alg2"",9718.37905139948"
"50,52,3,""Alg1"",786001.440492569"
"50,52,3,""Alg2"",1715947.20516087"
"50,11,4,""Alg1"",685.023229409023"
"50,11,4,""Alg2"",32917.1821834287"
"50,52,5,""Alg1"",882336.622683217"
"50,52,5,""Alg2"",1830046.15200953"
"50,11,6,""Alg1"",295.122655638002"
"50,11,6,""Alg2"",42845.1912629563"
"50,52,7,""Alg1"",778932.250892367"
"50,52,7,""Alg2"",1875896.05094983"
"50,52,8,""Alg1"",1298346.39397369"
"50,52,8,""Alg2"",2047444.7821456"
"50,52,9,""Alg1"",767770.597017503"
"50,52,9,""Alg2"",1595999.46364621"
"50,52,10,""Alg1"",781394.814619068"
"50,52,10,""Alg2"",1631523.12796333"
"50,52,11,""Alg1"",868657.552597869"
"50,52,11,""Alg2"",2019980.28080464"
"50,11,12,""Alg1"",951.345080157725"
"50,11,12,""Alg2"",21391.0203315773"
"50,11,13,""Alg1"",138.925487862973"
"50,11,13,""Alg2"",52812.1489472894"
"50,52,14,""Alg1"",1008464.82021336"
"50,52,14,""Alg2"",1577326.41600397"
"50,11,15,""Alg1"",78.8237497658742"
"50,11,15,""Alg2"",21602.5755745482"
"50,11,16,""Alg1"",238.177220260676"
"50,11,16,""Alg2"",19280.8404663222"
"50,11,17,""Alg1"",157.69319063013"
"50,11,17,""Alg2"",18787.5353948779"
"50,11,18,""Alg1"",375.061592899174"
"50,11,18,""Alg2"",39191.5919361322"
"50,11,19,""Alg1"",360.150353938569"
"50,11,19,""Alg2"",44940.3450337348"
"50,52,20,""Alg1"",933520.492641484"
"50,52,20,""Alg2"",1732418.17576496"
"50,52,21,""Alg1"",824672.178307718"
"50,52,21,""Alg2"",1846257.10742196"
"50,11,22,""Alg1"",163.099934910525"
"50,11,22,""Alg2"",27713.4632370581"
"50,11,23,""Alg1"",485.978814827062"
"50,11,23,""Alg2"",40716.5774186196"
"50,11,24,""Alg1"",549.614070897632"
"50,11,24,""Alg2"",34364.2889490093"
"50,11,25,""Alg1"",287.975341492562"
"50,11,25,""Alg2"",14317.6590705161"
"50,52,26,""Alg1"",710261.097322276"
"50,52,26,""Alg2"",2097689.88915449"
"50,52,27,""Alg1"",1008760.69008416"
"50,52,27,""Alg2"",1958511.46453026"
"50,11,28,""Alg1"",181.384037249468"
"50,11,28,""Alg2"",15697.8855990535"
"50,52,29,""Alg1"",965935.464532312"
"50,52,29,""Alg2"",2030580.5748839"
"50,11,30,""Alg1"",592.899938381041"
"50,11,30,""Alg2"",30829.093836063"
"51,68,1,""Alg1"",1151507.46878345"
"51,68,1,""Alg2"",3177287.08207829"
"51,48,2,""Alg1"",625115.720939875"
"51,48,2,""Alg2"",1723020.72130745"
"51,48,3,""Alg1"",703308.782017768"
"51,48,3,""Alg2"",1682183.73461758"
"51,68,4,""Alg1"",1893638.28510414"
"51,68,4,""Alg2"",3842247.53225796"
"51,68,5,""Alg1"",1063210.23390861"
"51,68,5,""Alg2"",3413574.741321"
"51,48,6,""Alg1"",655572.878333515"
"51,48,6,""Alg2"",1851714.16755776"
"51,68,7,""Alg1"",1949677.75580475"
"51,68,7,""Alg2"",4844114.59706705"
"51,48,8,""Alg1"",682656.486260672"
"51,48,8,""Alg2"",1804355.07337072"
"51,48,9,""Alg1"",637857.299354307"
"51,48,9,""Alg2"",1643535.67285823"
"51,68,10,""Alg1"",2009315.07360675"
"51,68,10,""Alg2"",4189272.22464508"
"51,48,11,""Alg1"",703224.263241893"
"51,48,11,""Alg2"",1729203.53529688"
"51,48,12,""Alg1"",749494.299978485"
"51,48,12,""Alg2"",1580558.63885527"
"51,48,13,""Alg1"",451838.555039542"
"51,48,13,""Alg2"",1691402.95742166"
"51,68,14,""Alg1"",2042654.04878183"
"51,68,14,""Alg2"",3469947.71179866"
"51,48,15,""Alg1"",860766.850805619"
"51,48,15,""Alg2"",1494473.92320975"
"51,68,16,""Alg1"",1635112.14757439"
"51,68,16,""Alg2"",3528392.86539821"
"51,68,17,""Alg1"",1863508.39026232"
"51,68,17,""Alg2"",4146288.0678408"
"51,68,18,""Alg1"",1498582.95461627"
"51,68,18,""Alg2"",4298467.27275933"
"51,48,19,""Alg1"",701011.876409385"
"51,48,19,""Alg2"",1722012.10187207"
"51,68,20,""Alg1"",2020575.32215889"
"51,68,20,""Alg2"",3926629.225471"
"51,48,21,""Alg1"",686675.601519992"
"51,48,21,""Alg2"",1698520.5109549"
"51,68,22,""Alg1"",2101614.77971665"
"51,68,22,""Alg2"",3820749.9992144"
"51,48,23,""Alg1"",656480.605535219"
"51,48,23,""Alg2"",1713482.29187476"
"51,68,24,""Alg1"",1589971.79751474"
"51,68,24,""Alg2"",3439162.94702605"
"51,48,25,""Alg1"",660412.625071589"
"51,48,25,""Alg2"",1573240.99333948"
"51,68,26,""Alg1"",2100215.92881219"
"51,68,26,""Alg2"",3643629.57240246"
"51,68,27,""Alg1"",2005783.26574794"
"51,68,27,""Alg2"",4702742.42549058"
"51,48,28,""Alg1"",859338.504386754"
"51,48,28,""Alg2"",1627149.81384621"
"51,68,29,""Alg1"",2201735.62223664"
"51,68,29,""Alg2"",4412664.68283294"
"51,68,30,""Alg1"",1072212.41400585"
"51,68,30,""Alg2"",3132709.64732847"
"52,64,1,""Alg1"",1661092.12853167"
"52,64,1,""Alg2"",3513885.506739"
"52,64,2,""Alg1"",1786801.34806218"
"52,64,2,""Alg2"",2966131.65382633"
"52,64,3,""Alg1"",1924914.34815314"
"52,64,3,""Alg2"",4175922.40342559"
"52,120,4,""Alg1"",6213716.02284709"
"52,120,4,""Alg2"",7850347.94962328"
"52,120,5,""Alg1"",5959080.36907724"
"52,120,5,""Alg2"",9820602.37226332"
"52,64,6,""Alg1"",1482665.30193605"
"52,64,6,""Alg2"",4066570.15233763"
"52,64,7,""Alg1"",1542369.33575137"
"52,64,7,""Alg2"",2628529.49689028"
"52,64,8,""Alg1"",1478403.94702016"
"52,64,8,""Alg2"",3754291.96417391"
"52,64,9,""Alg1"",1465529.72478382"
"52,64,9,""Alg2"",4247887.78229886"
"52,64,10,""Alg1"",1685300.52729037"
"52,64,10,""Alg2"",3703810.31157122"
"52,120,11,""Alg1"",6501974.81501044"
"52,120,11,""Alg2"",7833327.43452809"
"52,64,12,""Alg1"",1502276.3367209"
"52,64,12,""Alg2"",3819846.26869"
"52,64,13,""Alg1"",1936428.12796241"
"52,64,13,""Alg2"",2389338.58321775"
"52,64,14,""Alg1"",1373568.64117822"
"52,64,14,""Alg2"",3588923.42480803"
"52,64,15,""Alg1"",1669227.00937827"
"52,64,15,""Alg2"",3953941.48649534"
"52,120,16,""Alg1"",5916399.72231186"
"52,120,16,""Alg2"",8899901.97821015"
"52,64,17,""Alg1"",1684316.19471386"
"52,64,17,""Alg2"",3602581.99056717"
"52,120,18,""Alg1"",5599421.24311687"
"52,120,18,""Alg2"",8810917.21249363"
"52,64,19,""Alg1"",1507111.52184894"
"52,64,19,""Alg2"",2772733.64562621"
"52,64,20,""Alg1"",1781374.62225109"
"52,64,20,""Alg2"",3908184.85902982"
"52,64,21,""Alg1"",1150877.38537023"
"52,64,21,""Alg2"",3749309.86676323"
"52,120,22,""Alg1"",5664550.40685095"
"52,120,22,""Alg2"",7904532.58477429"
"52,64,23,""Alg1"",1338088.60115846"
"52,64,23,""Alg2"",3707563.51599191"
"52,64,24,""Alg1"",1504616.0376474"
"52,64,24,""Alg2"",4215570.10353496"
"52,64,25,""Alg1"",1101236.82155023"
"52,64,25,""Alg2"",3641035.52967686"
"52,120,26,""Alg1"",6095074.75344102"
"52,120,26,""Alg2"",9345826.07731108"
"52,64,27,""Alg1"",1287187.50763971"
"52,64,27,""Alg2"",4151713.41555583"
"52,120,28,""Alg1"",6066694.80961465"
"52,120,28,""Alg2"",8352463.21765827"
"52,64,29,""Alg1"",1530742.90890295"
"52,64,29,""Alg2"",3330098.50561309"
"52,120,30,""Alg1"",6787867.83264214"
"52,120,30,""Alg2"",8592589.03026854"
"53,134,1,""Alg1"",5793785.09126145"
"53,134,1,""Alg2"",8107978.34507047"
"53,49,2,""Alg1"",909252.238591809"
"53,49,2,""Alg2"",2026940.11994125"
"53,49,3,""Alg1"",633855.256390671"
"53,49,3,""Alg2"",1456874.2499466"
"53,134,4,""Alg1"",6624086.35720269"
"53,134,4,""Alg2"",9059536.56502092"
"53,134,5,""Alg1"",7822775.05740172"
"53,134,5,""Alg2"",10604687.2578164"
"53,49,6,""Alg1"",566917.237724289"
"53,49,6,""Alg2"",1819329.14105272"
"53,49,7,""Alg1"",827077.26600322"
"53,49,7,""Alg2"",1800940.62006489"
"53,134,8,""Alg1"",5205222.0794217"
"53,134,8,""Alg2"",10130744.6133606"
"53,49,9,""Alg1"",980057.204815175"
"53,49,9,""Alg2"",1591839.09066467"
"53,134,10,""Alg1"",7370485.02866295"
"53,134,10,""Alg2"",9564584.15133827"
"53,134,11,""Alg1"",7605931.50685368"
"53,134,11,""Alg2"",10324852.8291136"
"53,134,12,""Alg1"",7607825.60171691"
"53,134,12,""Alg2"",10869220.613294"
"53,134,13,""Alg1"",7760857.89605142"
"53,134,13,""Alg2"",9298268.31785806"
"53,134,14,""Alg1"",7572875.38206878"
"53,134,14,""Alg2"",10312269.7685027"
"53,49,15,""Alg1"",622462.596940762"
"53,49,15,""Alg2"",1510011.96173625"
"53,49,16,""Alg1"",827701.732283039"
"53,49,16,""Alg2"",1667620.73712499"
"53,49,17,""Alg1"",802181.692777933"
"53,49,17,""Alg2"",1533723.90744621"
"53,134,18,""Alg1"",7712893.25780419"
"53,134,18,""Alg2"",10059653.9171765"
"53,134,19,""Alg1"",7151645.5325447"
"53,134,19,""Alg2"",8761231.85549796"
"53,134,20,""Alg1"",8593508.20054969"
"53,134,20,""Alg2"",10090601.844094"
"53,134,21,""Alg1"",7540087.85187859"
"53,134,21,""Alg2"",8856942.59857723"
"53,134,22,""Alg1"",6998400.86339192"
"53,134,22,""Alg2"",9920500.45147523"
"53,49,23,""Alg1"",762064.414990811"
"53,49,23,""Alg2"",1525323.89569654"
"53,49,24,""Alg1"",739733.557836467"
"53,49,24,""Alg2"",1545820.3645069"
"53,49,25,""Alg1"",819317.228555273"
"53,49,25,""Alg2"",1418950.31881499"
"53,134,26,""Alg1"",6242762.42020049"
"53,134,26,""Alg2"",9948983.68114296"
"53,49,27,""Alg1"",904567.428102994"
"53,49,27,""Alg2"",1669620.66634166"
"53,134,28,""Alg1"",8135797.90220554"
"53,134,28,""Alg2"",9501972.90935191"
"53,49,29,""Alg1"",781952.088773327"
"53,49,29,""Alg2"",1582826.58534135"
"53,134,30,""Alg1"",7396908.8587576"
"53,134,30,""Alg2"",10548096.6361341"
"54,26,1,""Alg1"",81012.1268829813"
"54,26,1,""Alg2"",542287.399350775"
"54,26,2,""Alg1"",112146.932560874"
"54,26,2,""Alg2"",516041.95355521"
"54,137,3,""Alg1"",8810987.39206288"
"54,137,3,""Alg2"",10146244.0761899"
"54,137,4,""Alg1"",8568179.68949014"
"54,137,4,""Alg2"",10458087.4045533"
"54,26,5,""Alg1"",71743.9434360752"
"54,26,5,""Alg2"",465631.866917933"
"54,137,6,""Alg1"",6855122.94533573"
"54,137,6,""Alg2"",9033855.02847519"
"54,137,7,""Alg1"",8206442.5448118"
"54,137,7,""Alg2"",8923659.37780383"
"54,137,8,""Alg1"",8054038.93934458"
"54,137,8,""Alg2"",11328877.6925544"
"54,137,9,""Alg1"",8756730.57661161"
"54,137,9,""Alg2"",10030533.4012506"
"54,26,10,""Alg1"",52408.4034707177"
"54,26,10,""Alg2"",405291.014890724"
"54,26,11,""Alg1"",95902.7073341978"
"54,26,11,""Alg2"",564045.821989716"
"54,137,12,""Alg1"",7446797.66938289"
"54,137,12,""Alg2"",10040299.6547292"
"54,137,13,""Alg1"",6601385.44784041"
"54,137,13,""Alg2"",10395774.5495857"
"54,26,14,""Alg1"",53518.101641108"
"54,26,14,""Alg2"",549787.690103161"
"54,26,15,""Alg1"",46923.2491415713"
"54,26,15,""Alg2"",485446.74707877"
"54,137,16,""Alg1"",8824903.17420978"
"54,137,16,""Alg2"",10143729.6424896"
"54,26,17,""Alg1"",80672.7328470754"
"54,26,17,""Alg2"",537669.776115156"
"54,26,18,""Alg1"",57942.8826806051"
"54,26,18,""Alg2"",570170.234757652"
"54,137,19,""Alg1"",8404183.02547257"
"54,137,19,""Alg2"",10121129.3231203"
"54,137,20,""Alg1"",6624822.7108327"
"54,137,20,""Alg2"",10952375.6375919"
"54,137,21,""Alg1"",8079082.36771908"
"54,137,21,""Alg2"",10455357.7643351"
"54,26,22,""Alg1"",49700.9247144496"
"54,26,22,""Alg2"",561515.1167135"
"54,26,23,""Alg1"",57896.8750968967"
"54,26,23,""Alg2"",453482.944157162"
"54,137,24,""Alg1"",8265205.77886438"
"54,137,24,""Alg2"",10773646.4000533"
"54,26,25,""Alg1"",46188.4961936331"
"54,26,25,""Alg2"",480034.99702036"
"54,26,26,""Alg1"",100336.713694108"
"54,26,26,""Alg2"",402175.110431254"
"54,137,27,""Alg1"",8800574.67949315"
"54,137,27,""Alg2"",8463292.74235509"
"54,26,28,""Alg1"",46913.1223103476"
"54,26,28,""Alg2"",391237.360900137"
"54,137,29,""Alg1"",8421337.95891608"
"54,137,29,""Alg2"",10111291.6020769"
"54,26,30,""Alg1"",73916.5084402723"
"54,26,30,""Alg2"",534056.308920008"
"55,17,1,""Alg1"",11830.8614271212"
"55,17,1,""Alg2"",200055.976129846"
"55,37,2,""Alg1"",317673.600834073"
"55,37,2,""Alg2"",993872.15475732"
"55,37,3,""Alg1"",186386.133814968"
"55,37,3,""Alg2"",1072739.63774289"
"55,17,4,""Alg1"",2956.61962567482"
"55,17,4,""Alg2"",208335.023263136"
"55,37,5,""Alg1"",220679.91389746"
"55,37,5,""Alg2"",1095209.40285153"
"55,17,6,""Alg1"",3735.80006344548"
"55,17,6,""Alg2"",92114.5758128205"
"55,37,7,""Alg1"",209376.002234683"
"55,37,7,""Alg2"",906825.026240428"
"55,37,8,""Alg1"",318928.9123769"
"55,37,8,""Alg2"",878536.926980569"
"55,37,9,""Alg1"",259024.983206045"
"55,37,9,""Alg2"",1007473.22468668"
"55,17,10,""Alg1"",3996.03365953331"
"55,17,10,""Alg2"",102290.339531159"
"55,37,11,""Alg1"",238004.2061639"
"55,37,11,""Alg2"",1075425.53612434"
"55,37,12,""Alg1"",301525.943440585"
"55,37,12,""Alg2"",819503.947968657"
"55,37,13,""Alg1"",307370.375232761"
"55,37,13,""Alg2"",976974.702704005"
"55,17,14,""Alg1"",5017.73811493107"
"55,17,14,""Alg2"",177641.959706699"
"55,37,15,""Alg1"",400521.910325627"
"55,37,15,""Alg2"",1027736.73756417"
"55,17,16,""Alg1"",19958.8079144092"
"55,17,16,""Alg2"",162394.091000636"
"55,37,17,""Alg1"",183851.526339799"
"55,37,17,""Alg2"",974135.088647938"
"55,17,18,""Alg1"",5772.18065450445"
"55,17,18,""Alg2"",188044.97051274"
"55,17,19,""Alg1"",5406.17227655992"
"55,17,19,""Alg2"",172108.172943669"
"55,37,20,""Alg1"",249208.649599473"
"55,37,20,""Alg2"",935809.80904456"
"55,37,21,""Alg1"",403275.727052335"
"55,37,21,""Alg2"",993985.863478031"
"55,17,22,""Alg1"",6231.96682399644"
"55,17,22,""Alg2"",173250.025108814"
"55,17,23,""Alg1"",5010.97071521506"
"55,17,23,""Alg2"",187552.558451962"
"55,17,24,""Alg1"",3204.54823904727"
"55,17,24,""Alg2"",230558.429964655"
"55,37,25,""Alg1"",251004.751247251"
"55,37,25,""Alg2"",1125717.88727467"
"55,17,26,""Alg1"",9645.02205239139"
"55,17,26,""Alg2"",211411.83417166"
"55,37,27,""Alg1"",457233.48155527"
"55,37,27,""Alg2"",909017.680863647"
"55,37,28,""Alg1"",278156.30059665"
"55,37,28,""Alg2"",1017248.2672518"
"55,17,29,""Alg1"",6380.08507890996"
"55,17,29,""Alg2"",186782.145330227"
"55,37,30,""Alg1"",187739.129242029"
"55,37,30,""Alg2"",1079794.06898177"
"56,143,1,""Alg1"",7181915.29140825"
"56,143,1,""Alg2"",10836189.8568147"
"56,95,2,""Alg1"",3898258.98744471"
"56,95,2,""Alg2"",6986902.93116711"
"56,143,3,""Alg1"",9390018.82366829"
"56,143,3,""Alg2"",10771963.6901977"
"56,143,4,""Alg1"",8755273.75415427"
"56,143,4,""Alg2"",8582393.41987406"
"56,95,5,""Alg1"",3661123.90335531"
"56,95,5,""Alg2"",6027160.55118913"
"56,95,6,""Alg1"",4451354.55972458"
"56,95,6,""Alg2"",7314346.75167475"
"56,143,7,""Alg1"",8765862.03969245"
"56,143,7,""Alg2"",11475624.0500349"
"56,143,8,""Alg1"",9042923.15954789"
"56,143,8,""Alg2"",10672197.0622247"
"56,95,9,""Alg1"",3739011.78381037"
"56,95,9,""Alg2"",5581872.91635858"
"56,143,10,""Alg1"",8927272.58718566"
"56,143,10,""Alg2"",10435075.6216205"
"56,143,11,""Alg1"",8480826.1459919"
"56,143,11,""Alg2"",11297605.8243815"
"56,95,12,""Alg1"",4135959.82768907"
"56,95,12,""Alg2"",5696212.12221018"
"56,95,13,""Alg1"",4605907.44010703"
"56,95,13,""Alg2"",6613602.64618883"
"56,95,14,""Alg1"",3039331.92783637"
"56,95,14,""Alg2"",7193712.77156388"
"56,95,15,""Alg1"",4141603.97287204"
"56,95,15,""Alg2"",6661063.81225592"
"56,95,16,""Alg1"",3017827.85837972"
"56,95,16,""Alg2"",6997448.86879836"
"56,95,17,""Alg1"",3566741.35930232"
"56,95,17,""Alg2"",5814363.09815788"
"56,143,18,""Alg1"",9307002.08294557"
"56,143,18,""Alg2"",11814616.0803055"
"56,95,19,""Alg1"",3638464.22756614"
"56,95,19,""Alg2"",6470392.2939921"
"56,143,20,""Alg1"",8084262.03906766"
"56,143,20,""Alg2"",10598588.9841046"
"56,143,21,""Alg1"",9145226.68665209"
"56,143,21,""Alg2"",11092593.0069732"
"56,143,22,""Alg1"",8500592.22507933"
"56,143,22,""Alg2"",11381895.0025842"
"56,95,23,""Alg1"",3566691.14817127"
"56,95,23,""Alg2"",5843885.2908196"
"56,95,24,""Alg1"",3656171.06818457"
"56,95,24,""Alg2"",6238149.20207244"
"56,143,25,""Alg1"",9794268.7484422"
"56,143,25,""Alg2"",10722440.6746562"
"56,95,26,""Alg1"",4820686.58626947"
"56,95,26,""Alg2"",6515608.23220047"
"56,143,27,""Alg1"",7732342.93040689"
"56,143,27,""Alg2"",10845349.6628046"
"56,143,28,""Alg1"",8317191.66872232"
"56,143,28,""Alg2"",11780243.1437989"
"56,95,29,""Alg1"",4289206.25003993"
"56,95,29,""Alg2"",6214310.2547914"
"56,95,30,""Alg1"",3828657.44632552"
"56,95,30,""Alg2"",6445969.13655613"
"57,139,1,""Alg1"",7496659.37822864"
"57,139,1,""Alg2"",11279209.9356645"
"57,139,2,""Alg1"",8638439.9054149"
"57,139,2,""Alg2"",9440217.13282766"
"57,75,3,""Alg1"",2314978.30142982"
"57,75,3,""Alg2"",5355529.27502673"
"57,75,4,""Alg1"",2399860.36469216"
"57,75,4,""Alg2"",5170225.66486984"
"57,139,5,""Alg1"",8893806.71289312"
"57,139,5,""Alg2"",10734545.9578985"
"57,75,6,""Alg1"",2355174.49171518"
"57,75,6,""Alg2"",4224607.10149678"
"57,139,7,""Alg1"",8056457.54812387"
"57,139,7,""Alg2"",10773194.6930611"
"57,139,8,""Alg1"",8192233.28601617"
"57,139,8,""Alg2"",10729612.8092909"
"57,75,9,""Alg1"",2230746.20979427"
"57,75,9,""Alg2"",5618129.89272261"
"57,139,10,""Alg1"",6657634.83308819"
"57,139,10,""Alg2"",10694243.7697442"
"57,75,11,""Alg1"",2220004.69578988"
"57,75,11,""Alg2"",4632261.43831389"
"57,139,12,""Alg1"",7744629.13847534"
"57,139,12,""Alg2"",9692179.34985255"
"57,75,13,""Alg1"",2869233.99906717"
"57,75,13,""Alg2"",4704611.75141852"
"57,139,14,""Alg1"",8380620.32218026"
"57,139,14,""Alg2"",9139644.28307762"
"57,75,15,""Alg1"",2456131.61818252"
"57,75,15,""Alg2"",4606771.66993456"
"57,139,16,""Alg1"",8321909.70664455"
"57,139,16,""Alg2"",11055449.1414037"
"57,75,17,""Alg1"",2464226.91785334"
"57,75,17,""Alg2"",5076105.49389757"
"57,139,18,""Alg1"",8580868.60183451"
"57,139,18,""Alg2"",11518965.0854665"
"57,75,19,""Alg1"",2438390.25032554"
"57,75,19,""Alg2"",5110259.60490145"
"57,75,20,""Alg1"",2246378.33595627"
"57,75,20,""Alg2"",4384970.85919827"
"57,75,21,""Alg1"",2553410.39789339"
"57,75,21,""Alg2"",4441782.39419343"
"57,75,22,""Alg1"",2448759.53793171"
"57,75,22,""Alg2"",4803361.00536391"
"57,139,23,""Alg1"",8220017.88515562"
"57,139,23,""Alg2"",9304677.69476441"
"57,139,24,""Alg1"",8776143.93987057"
"57,139,24,""Alg2"",10683254.0085649"
"57,75,25,""Alg1"",2029020.61429451"
"57,75,25,""Alg2"",3433480.81635306"
"57,139,26,""Alg1"",8834364.31882226"
"57,139,26,""Alg2"",10855268.3301288"
"57,139,27,""Alg1"",8001144.01143711"
"57,139,27,""Alg2"",11058990.4364999"
"57,139,28,""Alg1"",8928740.05897283"
"57,139,28,""Alg2"",11727067.2555019"
"57,75,29,""Alg1"",2222637.40599948"
"57,75,29,""Alg2"",4497513.24481864"
"57,75,30,""Alg1"",2216635.513477"
"57,75,30,""Alg2"",3934123.42336903"
"58,82,1,""Alg1"",3098154.8611214"
"58,82,1,""Alg2"",5006980.60993927"
"58,82,2,""Alg1"",2685575.98703125"
"58,82,2,""Alg2"",4699279.14034444"
"58,27,3,""Alg1"",86564.3272487015"
"58,27,3,""Alg2"",545951.328705102"
"58,27,4,""Alg1"",83609.8569117977"
"58,27,4,""Alg2"",614815.067509068"
"58,82,5,""Alg1"",2235082.37826186"
"58,82,5,""Alg2"",5528735.14176649"
"58,82,6,""Alg1"",3162938.61942271"
"58,82,6,""Alg2"",5259058.8234098"
"58,27,7,""Alg1"",112955.329599919"
"58,27,7,""Alg2"",511609.750118151"
"58,82,8,""Alg1"",2825590.81406382"
"58,82,8,""Alg2"",5742592.0291458"
"58,27,9,""Alg1"",93826.4308665695"
"58,27,9,""Alg2"",509969.340384535"
"58,82,10,""Alg1"",3229270.27083005"
"58,82,10,""Alg2"",5521496.42320981"
"58,27,11,""Alg1"",37687.2575640377"
"58,27,11,""Alg2"",558965.324356732"
"58,27,12,""Alg1"",102082.251730816"
"58,27,12,""Alg2"",429080.213667024"
"58,82,13,""Alg1"",3100682.471195"
"58,82,13,""Alg2"",5061700.0490632"
"58,27,14,""Alg1"",59614.0927657275"
"58,27,14,""Alg2"",313793.293694357"
"58,27,15,""Alg1"",91961.2551113651"
"58,27,15,""Alg2"",633516.219784181"
"58,27,16,""Alg1"",69952.060220931"
"58,27,16,""Alg2"",546381.258129087"
"58,82,17,""Alg1"",2628633.99455252"
"58,82,17,""Alg2"",5635349.24325211"
"58,82,18,""Alg1"",2649747.82266018"
"58,82,18,""Alg2"",5558592.20209098"
"58,27,19,""Alg1"",90165.2598709459"
"58,27,19,""Alg2"",610546.626342247"
"58,27,20,""Alg1"",154372.081553412"
"58,27,20,""Alg2"",677005.901464487"
"58,82,21,""Alg1"",3217324.58322375"
"58,82,21,""Alg2"",5656062.56437733"
"58,82,22,""Alg1"",2628625.50461282"
"58,82,22,""Alg2"",4351411.37123173"
"58,82,23,""Alg1"",2697193.25238777"
"58,82,23,""Alg2"",5056878.71996265"
"58,82,24,""Alg1"",2245053.97653435"
"58,82,24,""Alg2"",6025523.6512654"
"58,27,25,""Alg1"",79275.5405808863"
"58,27,25,""Alg2"",345500.346162495"
"58,27,26,""Alg1"",36512.6003954602"
"58,27,26,""Alg2"",537365.57313305"
"58,27,27,""Alg1"",72589.8612954857"
"58,27,27,""Alg2"",505737.524694002"
"58,82,28,""Alg1"",2093691.63085894"
"58,82,28,""Alg2"",5584500.31768774"
"58,27,29,""Alg1"",115242.76328364"
"58,27,29,""Alg2"",557298.041785166"
"58,82,30,""Alg1"",2962267.73989727"
"58,82,30,""Alg2"",5743743.91371492"
"59,149,1,""Alg1"",8470142.59798731"
"59,149,1,""Alg2"",11383834.8915239"
"59,58,2,""Alg1"",1035201.60452854"
"59,58,2,""Alg2"",2144810.37105591"
"59,149,3,""Alg1"",8121618.27325255"
"59,149,3,""Alg2"",12423605.1734849"
"59,58,4,""Alg1"",1165320.09955656"
"59,58,4,""Alg2"",2228553.33271174"
"59,58,5,""Alg1"",1277062.01985604"
"59,58,5,""Alg2"",3359472.16529128"
"59,58,6,""Alg1"",1069894.35965437"
"59,58,6,""Alg2"",2275285.53434877"
"59,58,7,""Alg1"",1387986.96681112"
"59,58,7,""Alg2"",3843601.7605833"
"59,58,8,""Alg1"",1441617.16263202"
"59,58,8,""Alg2"",2964672.9134443"
"59,58,9,""Alg1"",1128512.6645602"
"59,58,9,""Alg2"",2223323.24233054"
"59,149,10,""Alg1"",8440575.52450063"
"59,149,10,""Alg2"",11792501.9304355"
"59,58,11,""Alg1"",1044660.07470882"
"59,58,11,""Alg2"",2811206.89266019"
"59,58,12,""Alg1"",1451168.13637373"
"59,58,12,""Alg2"",2202678.76765487"
"59,149,13,""Alg1"",9961243.96753443"
"59,149,13,""Alg2"",11357057.671391"
"59,149,14,""Alg1"",8901290.23427472"
"59,149,14,""Alg2"",11770133.117654"
"59,58,15,""Alg1"",1433228.48637852"
"59,58,15,""Alg2"",3814233.4485212"
"59,149,16,""Alg1"",9222848.48383037"
"59,149,16,""Alg2"",12395606.5344344"
"59,58,17,""Alg1"",996895.217912241"
"59,58,17,""Alg2"",2324968.68307813"
"59,58,18,""Alg1"",985133.339327067"
"59,58,18,""Alg2"",2824737.7823555"
"59,58,19,""Alg1"",1135822.62797333"
"59,58,19,""Alg2"",2159831.63552584"
"59,58,20,""Alg1"",1225050.07319755"
"59,58,20,""Alg2"",2069713.07913793"
"59,58,21,""Alg1"",1367693.33129993"
"59,58,21,""Alg2"",2865128.95230598"
"59,58,22,""Alg1"",1255097.48895946"
"59,58,22,""Alg2"",2321727.28127761"
"59,149,23,""Alg1"",7092403.85466297"
"59,149,23,""Alg2"",12074356.8350822"
"59,149,24,""Alg1"",8089511.05289063"
"59,149,24,""Alg2"",11706150.7242919"
"59,149,25,""Alg1"",9654108.93817614"
"59,149,25,""Alg2"",12648843.2836879"
"59,58,26,""Alg1"",1225182.52011319"
"59,58,26,""Alg2"",2799366.52204343"
"59,149,27,""Alg1"",9980444.16100998"
"59,149,27,""Alg2"",11010509.4537949"
"59,149,28,""Alg1"",9000338.78710227"
"59,149,28,""Alg2"",9994193.37829985"
"59,58,29,""Alg1"",1379286.00571247"
"59,58,29,""Alg2"",3217632.16739578"
"59,149,30,""Alg1"",9547843.17577477"
"59,149,30,""Alg2"",12845261.0586498"
"60,99,1,""Alg1"",4179664.95121058"
"60,99,1,""Alg2"",7534067.84433381"
"60,45,2,""Alg1"",824366.576254171"
"60,45,2,""Alg2"",1380333.99330071"
"60,99,3,""Alg1"",3121370.73592575"
"60,99,3,""Alg2"",6801483.06930179"
"60,99,4,""Alg1"",4918119.08238125"
"60,99,4,""Alg2"",6221977.73479076"
"60,99,5,""Alg1"",5227890.66686969"
"60,99,5,""Alg2"",6753471.70304266"
"60,99,6,""Alg1"",3728571.05905647"
"60,99,6,""Alg2"",6597236.17913394"
"60,45,7,""Alg1"",654139.677556803"
"60,45,7,""Alg2"",1562633.39951324"
"60,99,8,""Alg1"",4466355.34897811"
"60,99,8,""Alg2"",6909025.81068379"
"60,99,9,""Alg1"",4327542.41968051"
"60,99,9,""Alg2"",6765621.03542016"
"60,99,10,""Alg1"",4689226.546998"
"60,99,10,""Alg2"",7254997.65339099"
"60,45,11,""Alg1"",567677.294529391"
"60,45,11,""Alg2"",1249928.4092538"
"60,99,12,""Alg1"",4034655.13852002"
"60,99,12,""Alg2"",7073687.59096728"
"60,99,13,""Alg1"",4697439.81815693"
"60,99,13,""Alg2"",6348651.80125858"
"60,99,14,""Alg1"",4898599.97489512"
"60,99,14,""Alg2"",6171466.91995482"
"60,99,15,""Alg1"",4764307.20419484"
"60,99,15,""Alg2"",6475066.76329162"
"60,99,16,""Alg1"",4940592.89408748"
"60,99,16,""Alg2"",7092944.87482127"
"60,45,17,""Alg1"",558779.019151559"
"60,45,17,""Alg2"",1599124.88452109"
"60,99,18,""Alg1"",4425858.28084485"
"60,99,18,""Alg2"",6970590.68227782"
"60,99,19,""Alg1"",4278454.52667903"
"60,99,19,""Alg2"",6202103.17076933"
"60,45,20,""Alg1"",429644.795073978"
"60,45,20,""Alg2"",1144466.89673429"
"60,45,21,""Alg1"",634564.801379775"
"60,45,21,""Alg2"",1193607.05204243"
"60,99,22,""Alg1"",4670027.65048373"
"60,99,22,""Alg2"",6748990.40654267"
"60,45,23,""Alg1"",530564.899013497"
"60,45,23,""Alg2"",1316432.51988527"
"60,45,24,""Alg1"",601995.501744303"
"60,45,24,""Alg2"",1357644.0271929"
"60,45,25,""Alg1"",514897.163542391"
"60,45,25,""Alg2"",1321713.91439204"
"60,45,26,""Alg1"",761738.155741432"
"60,45,26,""Alg2"",1379527.76904591"
"60,45,27,""Alg1"",580233.768895267"
"60,45,27,""Alg2"",1507874.92837869"
"60,99,28,""Alg1"",4939812.89095996"
"60,99,28,""Alg2"",6794972.44527563"
"60,45,29,""Alg1"",686232.83471009"
"60,45,29,""Alg2"",1293290.94545888"
"60,99,30,""Alg1"",3780075.54570751"
"60,99,30,""Alg2"",6538798.25848572"
"61,125,1,""Alg1"",5224262.4282394"
"61,125,1,""Alg2"",9012359.33594116"
"61,104,2,""Alg1"",4649067.98405268"
"61,104,2,""Alg2"",7551063.95034075"
"61,104,3,""Alg1"",5202616.30558486"
"61,104,3,""Alg2"",6171670.18271851"
"61,104,4,""Alg1"",5465623.03290157"
"61,104,4,""Alg2"",7939898.61418584"
"61,104,5,""Alg1"",4434886.24463372"
"61,104,5,""Alg2"",7483418.08206823"
"61,104,6,""Alg1"",4511765.49638085"
"61,104,6,""Alg2"",6217929.84922776"
"61,125,7,""Alg1"",6361652.55609509"
"61,125,7,""Alg2"",7518646.43704655"
"61,125,8,""Alg1"",7189734.56053596"
"61,125,8,""Alg2"",9145302.73608782"
"61,104,9,""Alg1"",4886576.28580413"
"61,104,9,""Alg2"",4470626.41686034"
"61,104,10,""Alg1"",4989707.67391476"
"61,104,10,""Alg2"",6674377.90346768"
"61,104,11,""Alg1"",4631452.26212573"
"61,104,11,""Alg2"",6041572.48329548"
"61,125,12,""Alg1"",7701408.26968058"
"61,125,12,""Alg2"",8232632.79175605"
"61,125,13,""Alg1"",7255595.50782576"
"61,125,13,""Alg2"",10243998.8886006"
"61,104,14,""Alg1"",4886710.38775313"
"61,104,14,""Alg2"",7090929.24411343"
"61,125,15,""Alg1"",6503008.97159782"
"61,125,15,""Alg2"",9514634.92689373"
"61,104,16,""Alg1"",5257762.35417439"
"61,104,16,""Alg2"",7358429.07764026"
"61,104,17,""Alg1"",5217080.1488542"
"61,104,17,""Alg2"",8003997.12845813"
"61,125,18,""Alg1"",7502717.67164531"
"61,125,18,""Alg2"",8972139.1297035"
"61,104,19,""Alg1"",3974618.25371678"
"61,104,19,""Alg2"",8330041.09483457"
"61,125,20,""Alg1"",6568434.43716577"
"61,125,20,""Alg2"",8377600.89852465"
"61,125,21,""Alg1"",6516527.0644354"
"61,125,21,""Alg2"",9028805.34317249"
"61,104,22,""Alg1"",5187229.16493709"
"61,104,22,""Alg2"",7345969.91986726"
"61,125,23,""Alg1"",6630073.90705355"
"61,125,23,""Alg2"",9139367.70478781"
"61,104,24,""Alg1"",2995096.44105652"
"61,104,24,""Alg2"",7436630.87391903"
"61,125,25,""Alg1"",7515076.456371"
"61,125,25,""Alg2"",7154528.54502392"
"61,104,26,""Alg1"",5033385.92372166"
"61,104,26,""Alg2"",6261179.45793965"
"61,125,27,""Alg1"",7392471.34484993"
"61,125,27,""Alg2"",9267799.27509369"
"61,125,28,""Alg1"",7110627.84140013"
"61,125,28,""Alg2"",6274331.84325486"
"61,104,29,""Alg1"",4661876.42161893"
"61,104,29,""Alg2"",7067313.76458459"
"61,125,30,""Alg1"",7182100.72597031"
"61,125,30,""Alg2"",9732921.49246388"
"62,33,1,""Alg1"",213375.002198498"
"62,33,1,""Alg2"",838588.198204613"
"62,33,2,""Alg1"",200595.782930332"
"62,33,2,""Alg2"",793724.073807199"
"62,33,3,""Alg1"",72027.3937460908"
"62,33,3,""Alg2"",649942.014386163"
"62,130,4,""Alg1"",7005495.68300039"
"62,130,4,""Alg2"",8630842.62428458"
"62,130,5,""Alg1"",6318455.43737156"
"62,130,5,""Alg2"",10445870.8223135"
"62,130,6,""Alg1"",7207513.66711748"
"62,130,6,""Alg2"",9888069.79947782"
"62,130,7,""Alg1"",6761680.06997889"
"62,130,7,""Alg2"",9076726.46040992"
"62,130,8,""Alg1"",7923279.30132488"
"62,130,8,""Alg2"",10683303.5749174"
"62,130,9,""Alg1"",7963516.97052386"
"62,130,9,""Alg2"",9516407.63277054"
"62,130,10,""Alg1"",7968436.76853867"
"62,130,10,""Alg2"",9405791.90911245"
"62,130,11,""Alg1"",7268477.97648198"
"62,130,11,""Alg2"",9652795.02443067"
"62,130,12,""Alg1"",7412876.81185707"
"62,130,12,""Alg2"",7404820.09254418"
"62,130,13,""Alg1"",7058925.51840188"
"62,130,13,""Alg2"",9863293.45805979"
"62,33,14,""Alg1"",213501.40807268"
"62,33,14,""Alg2"",776653.279453635"
"62,33,15,""Alg1"",137269.137867645"
"62,33,15,""Alg2"",784128.167078674"
"62,130,16,""Alg1"",6207497.77394389"
"62,130,16,""Alg2"",9324234.67453707"
"62,33,17,""Alg1"",176751.154964455"
"62,33,17,""Alg2"",808122.487050184"
"62,33,18,""Alg1"",81806.9098836036"
"62,33,18,""Alg2"",859984.488699817"
"62,130,19,""Alg1"",7653787.32903166"
"62,130,19,""Alg2"",9348167.03175225"
"62,130,20,""Alg1"",7867624.51100086"
"62,130,20,""Alg2"",9676751.23096304"
"62,130,21,""Alg1"",6286036.76378918"
"62,130,21,""Alg2"",10120548.3853751"
"62,33,22,""Alg1"",200361.849951315"
"62,33,22,""Alg2"",818900.162452899"
"62,130,23,""Alg1"",7797216.43021167"
"62,130,23,""Alg2"",10094973.1333906"
"62,130,24,""Alg1"",7743892.71782425"
"62,130,24,""Alg2"",8569058.33031303"
"62,130,25,""Alg1"",7612773.57426986"
"62,130,25,""Alg2"",8944611.02438061"
"62,33,26,""Alg1"",100075.946260223"
"62,33,26,""Alg2"",869199.009186822"
"62,33,27,""Alg1"",185313.771391437"
"62,33,27,""Alg2"",911015.323796753"
"62,130,28,""Alg1"",8173141.25177591"
"62,130,28,""Alg2"",8111220.64747377"
"62,33,29,""Alg1"",228268.06372852"
"62,33,29,""Alg2"",874366.065447372"
"62,33,30,""Alg1"",202246.173849466"
"62,33,30,""Alg2"",987536.28225409"
"63,19,1,""Alg1"",13399.3667185205"
"63,19,1,""Alg2"",232173.662222471"
"63,65,2,""Alg1"",1746096.70447007"
"63,65,2,""Alg2"",4281782.2708664"
"63,19,3,""Alg1"",16208.802233843"
"63,19,3,""Alg2"",229187.763760606"
"63,19,4,""Alg1"",8077.29794428354"
"63,19,4,""Alg2"",274883.545604432"
"63,19,5,""Alg1"",15819.4395715682"
"63,19,5,""Alg2"",179516.226503486"
"63,65,6,""Alg1"",1533417.89862765"
"63,65,6,""Alg2"",2438738.50833582"
"63,65,7,""Alg1"",1260658.10607202"
"63,65,7,""Alg2"",3699018.88774015"
"63,19,8,""Alg1"",34092.0048685747"
"63,19,8,""Alg2"",159099.617160861"
"63,65,9,""Alg1"",1414576.94157616"
"63,65,9,""Alg2"",2569492.94713943"
"63,65,10,""Alg1"",1776022.50835922"
"63,65,10,""Alg2"",2588167.15074402"
"63,19,11,""Alg1"",19798.2076519371"
"63,19,11,""Alg2"",259783.05989293"
"63,65,12,""Alg1"",1488905.98949283"
"63,65,12,""Alg2"",3819827.47339557"
"63,19,13,""Alg1"",9160.85033533054"
"63,19,13,""Alg2"",197335.809949428"
"63,19,14,""Alg1"",15840.374047982"
"63,19,14,""Alg2"",284286.583621416"
"63,19,15,""Alg1"",11083.5215348296"
"63,19,15,""Alg2"",286100.299119939"
"63,19,16,""Alg1"",14226.1071570939"
"63,19,16,""Alg2"",228464.77891229"
"63,65,17,""Alg1"",1173840.77126876"
"63,65,17,""Alg2"",4093017.40899612"
"63,65,18,""Alg1"",1696598.23815477"
"63,65,18,""Alg2"",3665604.28485075"
"63,65,19,""Alg1"",1651526.28659322"
"63,65,19,""Alg2"",3764682.69981981"
"63,19,20,""Alg1"",14086.3278012923"
"63,19,20,""Alg2"",295544.509421045"
"63,65,21,""Alg1"",1654902.58796917"
"63,65,21,""Alg2"",3986948.08753875"
"63,19,22,""Alg1"",4469.26500856521"
"63,19,22,""Alg2"",292556.213713815"
"63,65,23,""Alg1"",2006493.08646504"
"63,65,23,""Alg2"",3272040.57415761"
"63,65,24,""Alg1"",1765734.98474843"
"63,65,24,""Alg2"",3201788.14474775"
"63,65,25,""Alg1"",1654649.72094315"
"63,65,25,""Alg2"",4572202.60226531"
"63,65,26,""Alg1"",1804284.23729032"
"63,65,26,""Alg2"",4153210.34322615"
"63,19,27,""Alg1"",22135.4452824213"
"63,19,27,""Alg2"",242457.354888823"
"63,19,28,""Alg1"",7943.95099329668"
"63,19,28,""Alg2"",250759.950137069"
"63,65,29,""Alg1"",1036938.36952216"
"63,65,29,""Alg2"",3375433.25031105"
"63,19,30,""Alg1"",10448.8405615627"
"63,19,30,""Alg2"",245041.027180175"
"64,79,1,""Alg1"",3306373.86199796"
"64,79,1,""Alg2"",5852735.86793711"
"64,79,2,""Alg1"",2550677.14761901"
"64,79,2,""Alg2"",4510197.39213283"
"64,150,3,""Alg1"",8566305.34199053"
"64,150,3,""Alg2"",10562713.4709035"
"64,150,4,""Alg1"",6775685.47262303"
"64,150,4,""Alg2"",10333669.7046383"
"64,79,5,""Alg1"",2334246.73064252"
"64,79,5,""Alg2"",5682810.28694348"
"64,150,6,""Alg1"",10667540.8925937"
"64,150,6,""Alg2"",9452538.68930344"
"64,79,7,""Alg1"",3257343.64618555"
"64,79,7,""Alg2"",4854002.90429993"
"64,79,8,""Alg1"",3051044.83735344"
"64,79,8,""Alg2"",4927393.36663724"
"64,79,9,""Alg1"",3425273.27667316"
"64,79,9,""Alg2"",4909481.49399118"
"64,79,10,""Alg1"",2585489.53863706"
"64,79,10,""Alg2"",5479253.88311095"
"64,150,11,""Alg1"",9233766.34287118"
"64,150,11,""Alg2"",11036176.9827967"
"64,150,12,""Alg1"",9075389.78723249"
"64,150,12,""Alg2"",11707535.0279745"
"64,150,13,""Alg1"",9705619.484113"
"64,150,13,""Alg2"",10593393.3625027"
"64,79,14,""Alg1"",3257542.91230569"
"64,79,14,""Alg2"",5054490.69167629"
"64,79,15,""Alg1"",2851309.95408978"
"64,79,15,""Alg2"",5110799.04874633"
"64,150,16,""Alg1"",10009491.8304729"
"64,150,16,""Alg2"",11595885.1983712"
"64,150,17,""Alg1"",9891432.24417469"
"64,150,17,""Alg2"",11934542.7266461"
"64,79,18,""Alg1"",2822860.56895003"
"64,79,18,""Alg2"",4402178.8329722"
"64,79,19,""Alg1"",2253166.80158062"
"64,79,19,""Alg2"",4527148.77183431"
"64,150,20,""Alg1"",8795672.92698363"
"64,150,20,""Alg2"",11581725.9770899"
"64,79,21,""Alg1"",2580341.11699535"
"64,79,21,""Alg2"",4194169.81223629"
"64,79,22,""Alg1"",2416076.38397853"
"64,79,22,""Alg2"",5326372.50777145"
"64,79,23,""Alg1"",2843261.87133679"
"64,79,23,""Alg2"",5746667.88460238"
"64,79,24,""Alg1"",3458381.322088"
"64,79,24,""Alg2"",4728078.53120897"
"64,150,25,""Alg1"",8670705.53613687"
"64,150,25,""Alg2"",10910942.0604913"
"64,79,26,""Alg1"",2700130.47428448"
"64,79,26,""Alg2"",5167504.02134957"
"64,79,27,""Alg1"",3016712.82960596"
"64,79,27,""Alg2"",4992982.48453367"
"64,79,28,""Alg1"",2351913.90779352"
"64,79,28,""Alg2"",4413668.62389967"
"64,150,29,""Alg1"",7940018.84173851"
"64,150,29,""Alg2"",9583743.04538913"
"64,150,30,""Alg1"",8875514.80816182"
"64,150,30,""Alg2"",12659635.0297135"
